<?xml version="1.0" encoding="UTF-8"?>
<metadata xml:lang="es"><Esri><CreaDate>20170802</CreaDate><CreaTime>19042700</CreaTime><ArcGISFormat>1.0</ArcGISFormat><SyncOnce>FALSE</SyncOnce><DataProperties><lineage><Process ToolSource="c:\program files (x86)\arcgis\desktop10.2\ArcToolbox\Toolboxes\Data Management Tools.tbx\CopyFeatures" Date="20150929" Time="160648">CopyFeatures "Acar domingensi_Layer" "C:\Users\greta.vega\Documents\MIGUEL\Filtered occurrences 15 09 17\Acar domingensi.shp" # 0 0 0</Process><Process ToolSource="c:\program files (x86)\arcgis\desktop10.2\ArcToolbox\Toolboxes\Data Management Tools.tbx\MinimumBoundingGeometry" Date="20150929" Time="160649">MinimumBoundingGeometry "C:/Users/greta.vega/Documents/MIGUEL/Filtered occurrences 15 09 17/Acar domingensi.shp" "C:\Users\greta.vega\Documents\MIGUEL\Filtered occurrences 15 09 17\Acar domingensi_MCP.shp" CONVEX_HULL LIST species NO_MBG_FIELDS</Process><Process ToolSource="c:\program files (x86)\arcgis\desktop10.2\ArcToolbox\Toolboxes\Cartography Tools.tbx\SmoothPolygon" Date="20150930" Time="093728">SmoothPolygon "C:/Users/greta.vega/Documents/MIGUEL/Points_MCP_csv/MCP/Acar domingensi_MCP.shp" "C:\Users\greta.vega\Documents\MIGUEL\Points_MCP_csv\MCP_beziers\Acar domingensi_MCP_Bz.shp" BEZIER_INTERPOLATION "0 DecimalDegrees" FIXED_ENDPOINT NO_CHECK</Process><Process ToolSource="c:\program files (x86)\arcgis\desktop10.2\ArcToolbox\Toolboxes\Analysis Tools.tbx\Clip" Date="20151110" Time="123459">Clip "C:/Users/greta.vega/Documents/MIGUEL/Points_MCP_csv/MCP_beziers/Marine/Acar domingensi_MCP_Bz.shp" C:/Users/greta.vega/Documents/collembola/basemaps/Bathymetry/Oceans.shp "C:\Users\greta.vega\Documents\MIGUEL\Points_MCP_csv\MCP_beziers\Marine\Acar domingensi_MCP_Bz_Clip.shp" #</Process><Process ToolSource="c:\program files (x86)\arcgis\desktop10.2\ArcToolbox\Toolboxes\Data Management Tools.tbx\AddField" Date="20151110" Time="123500">AddField "C:/Users/greta.vega/Documents/MIGUEL/Points_MCP_csv/MCP_beziers/Marine/Acar domingensi_MCP_Bz_Clip.shp" Area_m2 DOUBLE # # # # NULLABLE NON_REQUIRED #</Process><Process ToolSource="c:\program files (x86)\arcgis\desktop10.2\ArcToolbox\Toolboxes\Data Management Tools.tbx\CalculateField" Date="20151110" Time="123500">CalculateField "C:/Users/greta.vega/Documents/MIGUEL/Points_MCP_csv/MCP_beziers/Marine/Acar domingensi_MCP_Bz_Clip.shp" Area_m2 !shape.area@squaremeters! PYTHON_9.3 #</Process><Process ToolSource="c:\program files (x86)\arcgis\desktop10.2\ArcToolbox\Toolboxes\Data Management Tools.tbx\Merge" Date="20170802" Time="182744">Merge 'C:\Users\greta.vega\Documents\MIGUEL\SWEEP2017\Filtered occurences ectotherm animals 16 12 31 copy\august2017\selected_clip\Acar domingensi_MCP_Bz_Clip.shp';'C:\Users\greta.vega\Documents\MIGUEL\SWEEP2017\Filtered occurences ectotherm animals 16 12 31 copy\august2017\selected_clip\Adamussium colbecki_MCP_Bz_Clip.shp';'C:\Users\greta.vega\Documents\MIGUEL\SWEEP2017\Filtered occurences ectotherm animals 16 12 31 copy\august2017\selected_clip\Agabus ramblae_MCP_Bz_Clip.shp';'C:\Users\greta.vega\Documents\MIGUEL\SWEEP2017\Filtered occurences ectotherm animals 16 12 31 copy\august2017\selected_clip\Agroeca proxima_MCP_Bz_Clip.shp';'C:\Users\greta.vega\Documents\MIGUEL\SWEEP2017\Filtered occurences ectotherm animals 16 12 31 copy\august2017\selected_clip\Ameiurus mela_MCP_Bz_Clip.shp';'C:\Users\greta.vega\Documents\MIGUEL\SWEEP2017\Filtered occurences ectotherm animals 16 12 31 copy\august2017\selected_clip\Ameiurus natali_MCP_Bz_Clip.shp';'C:\Users\greta.vega\Documents\MIGUEL\SWEEP2017\Filtered occurences ectotherm animals 16 12 31 copy\august2017\selected_clip\Ameiva festiva_MCP_Bz_Clip.shp';'C:\Users\greta.vega\Documents\MIGUEL\SWEEP2017\Filtered occurences ectotherm animals 16 12 31 copy\august2017\selected_clip\Amphibolurus muricatu_MCP_Bz_Clip.shp';'C:\Users\greta.vega\Documents\MIGUEL\SWEEP2017\Filtered occurences ectotherm animals 16 12 31 copy\august2017\selected_clip\Anodontia bullula_MCP_Bz_Clip.shp';'C:\Users\greta.vega\Documents\MIGUEL\SWEEP2017\Filtered occurences ectotherm animals 16 12 31 copy\august2017\selected_clip\Anolis auratu_MCP_Bz_Clip.shp';'C:\Users\greta.vega\Documents\MIGUEL\SWEEP2017\Filtered occurences ectotherm animals 16 12 31 copy\august2017\selected_clip\Anolis barbouri_MCP_Bz_Clip.shp';'C:\Users\greta.vega\Documents\MIGUEL\SWEEP2017\Filtered occurences ectotherm animals 16 12 31 copy\august2017\selected_clip\Anolis cooki_MCP_Bz_Clip.shp';'C:\Users\greta.vega\Documents\MIGUEL\SWEEP2017\Filtered occurences ectotherm animals 16 12 31 copy\august2017\selected_clip\Anolis cristatellu_MCP_Bz_Clip.shp';'C:\Users\greta.vega\Documents\MIGUEL\SWEEP2017\Filtered occurences ectotherm animals 16 12 31 copy\august2017\selected_clip\Anolis cupreu_MCP_Bz_Clip.shp';'C:\Users\greta.vega\Documents\MIGUEL\SWEEP2017\Filtered occurences ectotherm animals 16 12 31 copy\august2017\selected_clip\Anolis cybote_MCP_Bz_Clip.shp';'C:\Users\greta.vega\Documents\MIGUEL\SWEEP2017\Filtered occurences ectotherm animals 16 12 31 copy\august2017\selected_clip\Anolis evermanni_MCP_Bz_Clip.shp';'C:\Users\greta.vega\Documents\MIGUEL\SWEEP2017\Filtered occurences ectotherm animals 16 12 31 copy\august2017\selected_clip\Anolis frenatu_MCP_Bz_Clip.shp';'C:\Users\greta.vega\Documents\MIGUEL\SWEEP2017\Filtered occurences ectotherm animals 16 12 31 copy\august2017\selected_clip\Anolis gundlachi_MCP_Bz_Clip.shp';'C:\Users\greta.vega\Documents\MIGUEL\SWEEP2017\Filtered occurences ectotherm animals 16 12 31 copy\august2017\selected_clip\Anolis humili_MCP_Bz_Clip.shp';'C:\Users\greta.vega\Documents\MIGUEL\SWEEP2017\Filtered occurences ectotherm animals 16 12 31 copy\august2017\selected_clip\Anolis krugi_MCP_Bz_Clip.shp';'C:\Users\greta.vega\Documents\MIGUEL\SWEEP2017\Filtered occurences ectotherm animals 16 12 31 copy\august2017\selected_clip\Anolis lemurinu_MCP_Bz_Clip.shp';'C:\Users\greta.vega\Documents\MIGUEL\SWEEP2017\Filtered occurences ectotherm animals 16 12 31 copy\august2017\selected_clip\Anolis limifron_MCP_Bz_Clip.shp';'C:\Users\greta.vega\Documents\MIGUEL\SWEEP2017\Filtered occurences ectotherm animals 16 12 31 copy\august2017\selected_clip\Anolis marcanoi_MCP_Bz_Clip.shp';'C:\Users\greta.vega\Documents\MIGUEL\SWEEP2017\Filtered occurences ectotherm animals 16 12 31 copy\august2017\selected_clip\Anolis pentaprion_MCP_Bz_Clip.shp';'C:\Users\greta.vega\Documents\MIGUEL\SWEEP2017\Filtered occurences ectotherm animals 16 12 31 copy\august2017\selected_clip\Anolis pulchellu_MCP_Bz_Clip.shp';'C:\Users\greta.vega\Documents\MIGUEL\SWEEP2017\Filtered occurences ectotherm animals 16 12 31 copy\august2017\selected_clip\Anolis roquet_MCP_Bz_Clip.shp';'C:\Users\greta.vega\Documents\MIGUEL\SWEEP2017\Filtered occurences ectotherm animals 16 12 31 copy\august2017\selected_clip\Anolis sagrei_MCP_Bz_Clip.shp';'C:\Users\greta.vega\Documents\MIGUEL\SWEEP2017\Filtered occurences ectotherm animals 16 12 31 copy\august2017\selected_clip\Anolis shrevei_MCP_Bz_Clip.shp';'C:\Users\greta.vega\Documents\MIGUEL\SWEEP2017\Filtered occurences ectotherm animals 16 12 31 copy\august2017\selected_clip\Anolis stratulu_MCP_Bz_Clip.shp';'C:\Users\greta.vega\Documents\MIGUEL\SWEEP2017\Filtered occurences ectotherm animals 16 12 31 copy\august2017\selected_clip\Anolis tropidogaster_MCP_Bz_Clip.shp';'C:\Users\greta.vega\Documents\MIGUEL\SWEEP2017\Filtered occurences ectotherm animals 16 12 31 copy\august2017\selected_clip\Anolis tropidolepi_MCP_Bz_Clip.shp';'C:\Users\greta.vega\Documents\MIGUEL\SWEEP2017\Filtered occurences ectotherm animals 16 12 31 copy\august2017\selected_clip\Anomalopus leuckartii_MCP_Bz_Clip.shp';'C:\Users\greta.vega\Documents\MIGUEL\SWEEP2017\Filtered occurences ectotherm animals 16 12 31 copy\august2017\selected_clip\Aphaenogaster fulva_MCP_Bz_Clip.shp';'C:\Users\greta.vega\Documents\MIGUEL\SWEEP2017\Filtered occurences ectotherm animals 16 12 31 copy\august2017\selected_clip\Apteropanorpa tasmanica_MCP_Bz_Clip.shp';'C:\Users\greta.vega\Documents\MIGUEL\SWEEP2017\Filtered occurences ectotherm animals 16 12 31 copy\august2017\selected_clip\Argopecten purpuratu_MCP_Bz_Clip.shp';'C:\Users\greta.vega\Documents\MIGUEL\SWEEP2017\Filtered occurences ectotherm animals 16 12 31 copy\august2017\selected_clip\Armases ricordi_MCP_Bz_Clip.shp';'C:\Users\greta.vega\Documents\MIGUEL\SWEEP2017\Filtered occurences ectotherm animals 16 12 31 copy\august2017\selected_clip\Aulacomya atra_MCP_Bz_Clip.shp';'C:\Users\greta.vega\Documents\MIGUEL\SWEEP2017\Filtered occurences ectotherm animals 16 12 31 copy\august2017\selected_clip\Austrelaps superbu_MCP_Bz_Clip.shp';'C:\Users\greta.vega\Documents\MIGUEL\SWEEP2017\Filtered occurences ectotherm animals 16 12 31 copy\august2017\selected_clip\Barbatia pistachia_MCP_Bz_Clip.shp';'C:\Users\greta.vega\Documents\MIGUEL\SWEEP2017\Filtered occurences ectotherm animals 16 12 31 copy\august2017\selected_clip\Basiliscus vittatu_MCP_Bz_Clip.shp';'C:\Users\greta.vega\Documents\MIGUEL\SWEEP2017\Filtered occurences ectotherm animals 16 12 31 copy\august2017\selected_clip\Bassiana duperreyi_MCP_Bz_Clip.shp';'C:\Users\greta.vega\Documents\MIGUEL\SWEEP2017\Filtered occurences ectotherm animals 16 12 31 copy\august2017\selected_clip\Bassiana platynota_MCP_Bz_Clip.shp';'C:\Users\greta.vega\Documents\MIGUEL\SWEEP2017\Filtered occurences ectotherm animals 16 12 31 copy\august2017\selected_clip\Boreogadus saida_MCP_Bz_Clip.shp';'C:\Users\greta.vega\Documents\MIGUEL\SWEEP2017\Filtered occurences ectotherm animals 16 12 31 copy\august2017\selected_clip\Brachyrhaphis episcopi_MCP_Bz_Clip.shp';'C:\Users\greta.vega\Documents\MIGUEL\SWEEP2017\Filtered occurences ectotherm animals 16 12 31 copy\august2017\selected_clip\Bullia rhodostoma_MCP_Bz_Clip.shp';'C:\Users\greta.vega\Documents\MIGUEL\SWEEP2017\Filtered occurences ectotherm animals 16 12 31 copy\august2017\selected_clip\Calathus melanocephalu_MCP_Bz_Clip.shp';'C:\Users\greta.vega\Documents\MIGUEL\SWEEP2017\Filtered occurences ectotherm animals 16 12 31 copy\august2017\selected_clip\Calyptotis temporali_MCP_Bz_Clip.shp';'C:\Users\greta.vega\Documents\MIGUEL\SWEEP2017\Filtered occurences ectotherm animals 16 12 31 copy\august2017\selected_clip\Camponotus americanu_MCP_Bz_Clip.shp';'C:\Users\greta.vega\Documents\MIGUEL\SWEEP2017\Filtered occurences ectotherm animals 16 12 31 copy\august2017\selected_clip\Camponotus castaneu_MCP_Bz_Clip.shp';'C:\Users\greta.vega\Documents\MIGUEL\SWEEP2017\Filtered occurences ectotherm animals 16 12 31 copy\august2017\selected_clip\Camponotus chromaiode_MCP_Bz_Clip.shp';'C:\Users\greta.vega\Documents\MIGUEL\SWEEP2017\Filtered occurences ectotherm animals 16 12 31 copy\august2017\selected_clip\Camponotus novaeboracensi_MCP_Bz_Clip.shp';'C:\Users\greta.vega\Documents\MIGUEL\SWEEP2017\Filtered occurences ectotherm animals 16 12 31 copy\august2017\selected_clip\Camponotus pennsylvanicu_MCP_Bz_Clip.shp';'C:\Users\greta.vega\Documents\MIGUEL\SWEEP2017\Filtered occurences ectotherm animals 16 12 31 copy\august2017\selected_clip\Carlia longipe_MCP_Bz_Clip.shp';'C:\Users\greta.vega\Documents\MIGUEL\SWEEP2017\Filtered occurences ectotherm animals 16 12 31 copy\august2017\selected_clip\Carlia munda_MCP_Bz_Clip.shp';'C:\Users\greta.vega\Documents\MIGUEL\SWEEP2017\Filtered occurences ectotherm animals 16 12 31 copy\august2017\selected_clip\Carlia pectorali_MCP_Bz_Clip.shp';'C:\Users\greta.vega\Documents\MIGUEL\SWEEP2017\Filtered occurences ectotherm animals 16 12 31 copy\august2017\selected_clip\Carlia rhomboidali_MCP_Bz_Clip.shp';'C:\Users\greta.vega\Documents\MIGUEL\SWEEP2017\Filtered occurences ectotherm animals 16 12 31 copy\august2017\selected_clip\Carlia schmeltzii_MCP_Bz_Clip.shp';'C:\Users\greta.vega\Documents\MIGUEL\SWEEP2017\Filtered occurences ectotherm animals 16 12 31 copy\august2017\selected_clip\Carlia vivax_MCP_Bz_Clip.shp';'C:\Users\greta.vega\Documents\MIGUEL\SWEEP2017\Filtered occurences ectotherm animals 16 12 31 copy\august2017\selected_clip\Carpiodes cyprinu_MCP_Bz_Clip.shp';'C:\Users\greta.vega\Documents\MIGUEL\SWEEP2017\Filtered occurences ectotherm animals 16 12 31 copy\august2017\selected_clip\Cerastoderma edule_MCP_Bz_Clip.shp';'C:\Users\greta.vega\Documents\MIGUEL\SWEEP2017\Filtered occurences ectotherm animals 16 12 31 copy\august2017\selected_clip\Chamaeleo jacksonii_MCP_Bz_Clip.shp';'C:\Users\greta.vega\Documents\MIGUEL\SWEEP2017\Filtered occurences ectotherm animals 16 12 31 copy\august2017\selected_clip\Chondrodactylus bibronii_MCP_Bz_Clip.shp';'C:\Users\greta.vega\Documents\MIGUEL\SWEEP2017\Filtered occurences ectotherm animals 16 12 31 copy\august2017\selected_clip\Clubiona diversa_MCP_Bz_Clip.shp';'C:\Users\greta.vega\Documents\MIGUEL\SWEEP2017\Filtered occurences ectotherm animals 16 12 31 copy\august2017\selected_clip\Clubiona triviali_MCP_Bz_Clip.shp';'C:\Users\greta.vega\Documents\MIGUEL\SWEEP2017\Filtered occurences ectotherm animals 16 12 31 copy\august2017\selected_clip\Cnemidocarpa bicornuta_MCP_Bz_Clip.shp';'C:\Users\greta.vega\Documents\MIGUEL\SWEEP2017\Filtered occurences ectotherm animals 16 12 31 copy\august2017\selected_clip\Coluber constrictor_MCP_Bz_Clip.shp';'C:\Users\greta.vega\Documents\MIGUEL\SWEEP2017\Filtered occurences ectotherm animals 16 12 31 copy\august2017\selected_clip\Cookia sulcata_MCP_Bz_Clip.shp';'C:\Users\greta.vega\Documents\MIGUEL\SWEEP2017\Filtered occurences ectotherm animals 16 12 31 copy\august2017\selected_clip\Cordylus niger_MCP_Bz_Clip.shp';'C:\Users\greta.vega\Documents\MIGUEL\SWEEP2017\Filtered occurences ectotherm animals 16 12 31 copy\august2017\selected_clip\Cottus bairdii_MCP_Bz_Clip.shp';'C:\Users\greta.vega\Documents\MIGUEL\SWEEP2017\Filtered occurences ectotherm animals 16 12 31 copy\august2017\selected_clip\Cottus cognatus_MCP_Bz_Clip.shp';'C:\Users\greta.vega\Documents\MIGUEL\SWEEP2017\Filtered occurences ectotherm animals 16 12 31 copy\august2017\selected_clip\Crangon crangon_MCP_Bz_Clip.shp';'C:\Users\greta.vega\Documents\MIGUEL\SWEEP2017\Filtered occurences ectotherm animals 16 12 31 copy\august2017\selected_clip\Crematogaster lineolata_MCP_Bz_Clip.shp';'C:\Users\greta.vega\Documents\MIGUEL\SWEEP2017\Filtered occurences ectotherm animals 16 12 31 copy\august2017\selected_clip\Crustulina guttata_MCP_Bz_Clip.shp';'C:\Users\greta.vega\Documents\MIGUEL\SWEEP2017\Filtered occurences ectotherm animals 16 12 31 copy\august2017\selected_clip\Cryptoblepharus litorali_MCP_Bz_Clip.shp';'C:\Users\greta.vega\Documents\MIGUEL\SWEEP2017\Filtered occurences ectotherm animals 16 12 31 copy\august2017\selected_clip\Cryptoblepharus plagiocephalu_MCP_Bz_Clip.shp';'C:\Users\greta.vega\Documents\MIGUEL\SWEEP2017\Filtered occurences ectotherm animals 16 12 31 copy\august2017\selected_clip\Cryptoblepharus virgatu_MCP_Bz_Clip.shp';'C:\Users\greta.vega\Documents\MIGUEL\SWEEP2017\Filtered occurences ectotherm animals 16 12 31 copy\august2017\selected_clip\Ctenophorus cristatu_MCP_Bz_Clip.shp';'C:\Users\greta.vega\Documents\MIGUEL\SWEEP2017\Filtered occurences ectotherm animals 16 12 31 copy\august2017\selected_clip\Ctenophorus decresii_MCP_Bz_Clip.shp';'C:\Users\greta.vega\Documents\MIGUEL\SWEEP2017\Filtered occurences ectotherm animals 16 12 31 copy\august2017\selected_clip\Ctenophorus fordi_MCP_Bz_Clip.shp';'C:\Users\greta.vega\Documents\MIGUEL\SWEEP2017\Filtered occurences ectotherm animals 16 12 31 copy\august2017\selected_clip\Ctenophorus pictu_MCP_Bz_Clip.shp';'C:\Users\greta.vega\Documents\MIGUEL\SWEEP2017\Filtered occurences ectotherm animals 16 12 31 copy\august2017\selected_clip\Ctenophorus reticulatu_MCP_Bz_Clip.shp';'C:\Users\greta.vega\Documents\MIGUEL\SWEEP2017\Filtered occurences ectotherm animals 16 12 31 copy\august2017\selected_clip\Ctenotus essingtonii_MCP_Bz_Clip.shp';'C:\Users\greta.vega\Documents\MIGUEL\SWEEP2017\Filtered occurences ectotherm animals 16 12 31 copy\august2017\selected_clip\Ctenotus pantherinu_MCP_Bz_Clip.shp';'C:\Users\greta.vega\Documents\MIGUEL\SWEEP2017\Filtered occurences ectotherm animals 16 12 31 copy\august2017\selected_clip\Ctenotus regiu_MCP_Bz_Clip.shp';'C:\Users\greta.vega\Documents\MIGUEL\SWEEP2017\Filtered occurences ectotherm animals 16 12 31 copy\august2017\selected_clip\Ctenotus spaldingi_MCP_Bz_Clip.shp';'C:\Users\greta.vega\Documents\MIGUEL\SWEEP2017\Filtered occurences ectotherm animals 16 12 31 copy\august2017\selected_clip\Ctenotus taeniolatu_MCP_Bz_Clip.shp';'C:\Users\greta.vega\Documents\MIGUEL\SWEEP2017\Filtered occurences ectotherm animals 16 12 31 copy\august2017\selected_clip\Ctenotus uber_MCP_Bz_Clip.shp';'C:\Users\greta.vega\Documents\MIGUEL\SWEEP2017\Filtered occurences ectotherm animals 16 12 31 copy\august2017\selected_clip\Cyclodomorphus branchiali_MCP_Bz_Clip.shp';'C:\Users\greta.vega\Documents\MIGUEL\SWEEP2017\Filtered occurences ectotherm animals 16 12 31 copy\august2017\selected_clip\Cyprinodon maculariu_MCP_Bz_Clip.shp';'C:\Users\greta.vega\Documents\MIGUEL\SWEEP2017\Filtered occurences ectotherm animals 16 12 31 copy\august2017\selected_clip\Cyprinodon nevadensis_amargosae_MCP_Bz_Clip.shp';'C:\Users\greta.vega\Documents\MIGUEL\SWEEP2017\Filtered occurences ectotherm animals 16 12 31 copy\august2017\selected_clip\Dallia pectoralis_MCP_Bz_Clip.shp';'C:\Users\greta.vega\Documents\MIGUEL\SWEEP2017\Filtered occurences ectotherm animals 16 12 31 copy\august2017\selected_clip\Dascyllus aruanus_MCP_Bz_Clip.shp';'C:\Users\greta.vega\Documents\MIGUEL\SWEEP2017\Filtered occurences ectotherm animals 16 12 31 copy\august2017\selected_clip\Deroceras reticulatum_MCP_Bz_Clip.shp';'C:\Users\greta.vega\Documents\MIGUEL\SWEEP2017\Filtered occurences ectotherm animals 16 12 31 copy\august2017\selected_clip\Distaplia occidentali_MCP_Bz_Clip.shp';'C:\Users\greta.vega\Documents\MIGUEL\SWEEP2017\Filtered occurences ectotherm animals 16 12 31 copy\august2017\selected_clip\Divaricella irpex_MCP_Bz_Clip.shp';'C:\Users\greta.vega\Documents\MIGUEL\SWEEP2017\Filtered occurences ectotherm animals 16 12 31 copy\august2017\selected_clip\Donax serra_MCP_Bz_Clip.shp';'C:\Users\greta.vega\Documents\MIGUEL\SWEEP2017\Filtered occurences ectotherm animals 16 12 31 copy\august2017\selected_clip\Echinometra lucunter_MCP_Bz_Clip.shp';'C:\Users\greta.vega\Documents\MIGUEL\SWEEP2017\Filtered occurences ectotherm animals 16 12 31 copy\august2017\selected_clip\Eciton burchellii_MCP_Bz_Clip.shp';'C:\Users\greta.vega\Documents\MIGUEL\SWEEP2017\Filtered occurences ectotherm animals 16 12 31 copy\august2017\selected_clip\Egernia cunninghami_MCP_Bz_Clip.shp';'C:\Users\greta.vega\Documents\MIGUEL\SWEEP2017\Filtered occurences ectotherm animals 16 12 31 copy\august2017\selected_clip\Egernia saxatili_MCP_Bz_Clip.shp';'C:\Users\greta.vega\Documents\MIGUEL\SWEEP2017\Filtered occurences ectotherm animals 16 12 31 copy\august2017\selected_clip\Egernia striolata_MCP_Bz_Clip.shp';'C:\Users\greta.vega\Documents\MIGUEL\SWEEP2017\Filtered occurences ectotherm animals 16 12 31 copy\august2017\selected_clip\Ensis macha_MCP_Bz_Clip.shp';'C:\Users\greta.vega\Documents\MIGUEL\SWEEP2017\Filtered occurences ectotherm animals 16 12 31 copy\august2017\selected_clip\Eremias multiocellata_MCP_Bz_Clip.shp';'C:\Users\greta.vega\Documents\MIGUEL\SWEEP2017\Filtered occurences ectotherm animals 16 12 31 copy\august2017\selected_clip\Eremiascincus fasciolatu_MCP_Bz_Clip.shp';'C:\Users\greta.vega\Documents\MIGUEL\SWEEP2017\Filtered occurences ectotherm animals 16 12 31 copy\august2017\selected_clip\Eremiascincus richardsonii_MCP_Bz_Clip.shp';'C:\Users\greta.vega\Documents\MIGUEL\SWEEP2017\Filtered occurences ectotherm animals 16 12 31 copy\august2017\selected_clip\Etheostoma flabellare_MCP_Bz_Clip.shp';'C:\Users\greta.vega\Documents\MIGUEL\SWEEP2017\Filtered occurences ectotherm animals 16 12 31 copy\august2017\selected_clip\Eucidaris tribuloide_MCP_Bz_Clip.shp';'C:\Users\greta.vega\Documents\MIGUEL\SWEEP2017\Filtered occurences ectotherm animals 16 12 31 copy\august2017\selected_clip\Eulamprus kosciuskoi_MCP_Bz_Clip.shp';'C:\Users\greta.vega\Documents\MIGUEL\SWEEP2017\Filtered occurences ectotherm animals 16 12 31 copy\august2017\selected_clip\Eulamprus murrayi_MCP_Bz_Clip.shp';'C:\Users\greta.vega\Documents\MIGUEL\SWEEP2017\Filtered occurences ectotherm animals 16 12 31 copy\august2017\selected_clip\Eulamprus quoyii_MCP_Bz_Clip.shp';'C:\Users\greta.vega\Documents\MIGUEL\SWEEP2017\Filtered occurences ectotherm animals 16 12 31 copy\august2017\selected_clip\Eulamprus tenui_MCP_Bz_Clip.shp';'C:\Users\greta.vega\Documents\MIGUEL\SWEEP2017\Filtered occurences ectotherm animals 16 12 31 copy\august2017\selected_clip\Eulamprus tympanum_MCP_Bz_Clip.shp';'C:\Users\greta.vega\Documents\MIGUEL\SWEEP2017\Filtered occurences ectotherm animals 16 12 31 copy\august2017\selected_clip\Floridichthys carpio_MCP_Bz_Clip.shp';'C:\Users\greta.vega\Documents\MIGUEL\SWEEP2017\Filtered occurences ectotherm animals 16 12 31 copy\august2017\selected_clip\Formica neogagate_MCP_Bz_Clip.shp';'C:\Users\greta.vega\Documents\MIGUEL\SWEEP2017\Filtered occurences ectotherm animals 16 12 31 copy\august2017\selected_clip\Formica obscuripe_MCP_Bz_Clip.shp';'C:\Users\greta.vega\Documents\MIGUEL\SWEEP2017\Filtered occurences ectotherm animals 16 12 31 copy\august2017\selected_clip\Fundulus parvipinni_MCP_Bz_Clip.shp';'C:\Users\greta.vega\Documents\MIGUEL\SWEEP2017\Filtered occurences ectotherm animals 16 12 31 copy\august2017\selected_clip\Gambusia nicaraguensi_MCP_Bz_Clip.shp';'C:\Users\greta.vega\Documents\MIGUEL\SWEEP2017\Filtered occurences ectotherm animals 16 12 31 copy\august2017\selected_clip\Gambusia yucatana_MCP_Bz_Clip.shp';'C:\Users\greta.vega\Documents\MIGUEL\SWEEP2017\Filtered occurences ectotherm animals 16 12 31 copy\august2017\selected_clip\Gammarus locusta_MCP_Bz_Clip.shp';'C:\Users\greta.vega\Documents\MIGUEL\SWEEP2017\Filtered occurences ectotherm animals 16 12 31 copy\august2017\selected_clip\Gehyra variegata_MCP_Bz_Clip.shp';'C:\Users\greta.vega\Documents\MIGUEL\SWEEP2017\Filtered occurences ectotherm animals 16 12 31 copy\august2017\selected_clip\Gemma gemma_MCP_Bz_Clip.shp';'C:\Users\greta.vega\Documents\MIGUEL\SWEEP2017\Filtered occurences ectotherm animals 16 12 31 copy\august2017\selected_clip\Glaphyromorphus punctulatu_MCP_Bz_Clip.shp';'C:\Users\greta.vega\Documents\MIGUEL\SWEEP2017\Filtered occurences ectotherm animals 16 12 31 copy\august2017\selected_clip\Gobius cobiti_MCP_Bz_Clip.shp';'C:\Users\greta.vega\Documents\MIGUEL\SWEEP2017\Filtered occurences ectotherm animals 16 12 31 copy\august2017\selected_clip\Gobius niger_MCP_Bz_Clip.shp';'C:\Users\greta.vega\Documents\MIGUEL\SWEEP2017\Filtered occurences ectotherm animals 16 12 31 copy\august2017\selected_clip\Halozetes belgicae_MCP_Bz_Clip.shp';'C:\Users\greta.vega\Documents\MIGUEL\SWEEP2017\Filtered occurences ectotherm animals 16 12 31 copy\august2017\selected_clip\Hemiergis peronii_MCP_Bz_Clip.shp';'C:\Users\greta.vega\Documents\MIGUEL\SWEEP2017\Filtered occurences ectotherm animals 16 12 31 copy\august2017\selected_clip\Hemiergis quadrilineatum_MCP_Bz_Clip.shp';'C:\Users\greta.vega\Documents\MIGUEL\SWEEP2017\Filtered occurences ectotherm animals 16 12 31 copy\august2017\selected_clip\Hemigrapsus nudu_MCP_Bz_Clip.shp';'C:\Users\greta.vega\Documents\MIGUEL\SWEEP2017\Filtered occurences ectotherm animals 16 12 31 copy\august2017\selected_clip\Heteronotia binoei_MCP_Bz_Clip.shp';'C:\Users\greta.vega\Documents\MIGUEL\SWEEP2017\Filtered occurences ectotherm animals 16 12 31 copy\august2017\selected_clip\Hoplodactylus maculatu_MCP_Bz_Clip.shp';'C:\Users\greta.vega\Documents\MIGUEL\SWEEP2017\Filtered occurences ectotherm animals 16 12 31 copy\august2017\selected_clip\Hypomesus nipponensi_MCP_Bz_Clip.shp';'C:\Users\greta.vega\Documents\MIGUEL\SWEEP2017\Filtered occurences ectotherm animals 16 12 31 copy\august2017\selected_clip\Iguana iguana_MCP_Bz_Clip.shp';'C:\Users\greta.vega\Documents\MIGUEL\SWEEP2017\Filtered occurences ectotherm animals 16 12 31 copy\august2017\selected_clip\Ischnochiton australi_MCP_Bz_Clip.shp';'C:\Users\greta.vega\Documents\MIGUEL\SWEEP2017\Filtered occurences ectotherm animals 16 12 31 copy\august2017\selected_clip\Lampropholis delicata_MCP_Bz_Clip.shp';'C:\Users\greta.vega\Documents\MIGUEL\SWEEP2017\Filtered occurences ectotherm animals 16 12 31 copy\august2017\selected_clip\Lampropholis guichenoti_MCP_Bz_Clip.shp';'C:\Users\greta.vega\Documents\MIGUEL\SWEEP2017\Filtered occurences ectotherm animals 16 12 31 copy\august2017\selected_clip\Laternula elliptica_MCP_Bz_Clip.shp';'C:\Users\greta.vega\Documents\MIGUEL\SWEEP2017\Filtered occurences ectotherm animals 16 12 31 copy\august2017\selected_clip\Lepomis gibbosu_MCP_Bz_Clip.shp';'C:\Users\greta.vega\Documents\MIGUEL\SWEEP2017\Filtered occurences ectotherm animals 16 12 31 copy\august2017\selected_clip\Lerista bougainvillii_MCP_Bz_Clip.shp';'C:\Users\greta.vega\Documents\MIGUEL\SWEEP2017\Filtered occurences ectotherm animals 16 12 31 copy\august2017\selected_clip\Lerista frosti_MCP_Bz_Clip.shp';'C:\Users\greta.vega\Documents\MIGUEL\SWEEP2017\Filtered occurences ectotherm animals 16 12 31 copy\august2017\selected_clip\Lerista neander_MCP_Bz_Clip.shp';'C:\Users\greta.vega\Documents\MIGUEL\SWEEP2017\Filtered occurences ectotherm animals 16 12 31 copy\august2017\selected_clip\Lerista orientali_MCP_Bz_Clip.shp';'C:\Users\greta.vega\Documents\MIGUEL\SWEEP2017\Filtered occurences ectotherm animals 16 12 31 copy\august2017\selected_clip\Limatula hodgsoni_MCP_Bz_Clip.shp';'C:\Users\greta.vega\Documents\MIGUEL\SWEEP2017\Filtered occurences ectotherm animals 16 12 31 copy\august2017\selected_clip\Linepithema humile_MCP_Bz_Clip.shp';'C:\Users\greta.vega\Documents\MIGUEL\SWEEP2017\Filtered occurences ectotherm animals 16 12 31 copy\august2017\selected_clip\Liocarcinus marmoreu_MCP_Bz_Clip.shp';'C:\Users\greta.vega\Documents\MIGUEL\SWEEP2017\Filtered occurences ectotherm animals 16 12 31 copy\august2017\selected_clip\Liolaemus alticolor_MCP_Bz_Clip.shp';'C:\Users\greta.vega\Documents\MIGUEL\SWEEP2017\Filtered occurences ectotherm animals 16 12 31 copy\august2017\selected_clip\Liolaemus altissimu_MCP_Bz_Clip.shp';'C:\Users\greta.vega\Documents\MIGUEL\SWEEP2017\Filtered occurences ectotherm animals 16 12 31 copy\august2017\selected_clip\Liolaemus bibronii_MCP_Bz_Clip.shp';'C:\Users\greta.vega\Documents\MIGUEL\SWEEP2017\Filtered occurences ectotherm animals 16 12 31 copy\august2017\selected_clip\Liolaemus bisignatu_MCP_Bz_Clip.shp';'C:\Users\greta.vega\Documents\MIGUEL\SWEEP2017\Filtered occurences ectotherm animals 16 12 31 copy\august2017\selected_clip\Liolaemus boulengeri_MCP_Bz_Clip.shp';'C:\Users\greta.vega\Documents\MIGUEL\SWEEP2017\Filtered occurences ectotherm animals 16 12 31 copy\august2017\selected_clip\Liolaemus chiliensi_MCP_Bz_Clip.shp';'C:\Users\greta.vega\Documents\MIGUEL\SWEEP2017\Filtered occurences ectotherm animals 16 12 31 copy\august2017\selected_clip\Liolaemus cyanogaster_MCP_Bz_Clip.shp';'C:\Users\greta.vega\Documents\MIGUEL\SWEEP2017\Filtered occurences ectotherm animals 16 12 31 copy\august2017\selected_clip\Liolaemus darwinii_MCP_Bz_Clip.shp';'C:\Users\greta.vega\Documents\MIGUEL\SWEEP2017\Filtered occurences ectotherm animals 16 12 31 copy\august2017\selected_clip\Liolaemus elongatu_MCP_Bz_Clip.shp';'C:\Users\greta.vega\Documents\MIGUEL\SWEEP2017\Filtered occurences ectotherm animals 16 12 31 copy\august2017\selected_clip\Liolaemus kingii_MCP_Bz_Clip.shp';'C:\Users\greta.vega\Documents\MIGUEL\SWEEP2017\Filtered occurences ectotherm animals 16 12 31 copy\august2017\selected_clip\Liolaemus kriegi_MCP_Bz_Clip.shp';'C:\Users\greta.vega\Documents\MIGUEL\SWEEP2017\Filtered occurences ectotherm animals 16 12 31 copy\august2017\selected_clip\Liolaemus laurenti_MCP_Bz_Clip.shp';'C:\Users\greta.vega\Documents\MIGUEL\SWEEP2017\Filtered occurences ectotherm animals 16 12 31 copy\august2017\selected_clip\Liolaemus monticola_MCP_Bz_Clip.shp';'C:\Users\greta.vega\Documents\MIGUEL\SWEEP2017\Filtered occurences ectotherm animals 16 12 31 copy\august2017\selected_clip\Liolaemus nigroviridi_MCP_Bz_Clip.shp';'C:\Users\greta.vega\Documents\MIGUEL\SWEEP2017\Filtered occurences ectotherm animals 16 12 31 copy\august2017\selected_clip\Liolaemus pictu_MCP_Bz_Clip.shp';'C:\Users\greta.vega\Documents\MIGUEL\SWEEP2017\Filtered occurences ectotherm animals 16 12 31 copy\august2017\selected_clip\Liolaemus poecilochromu_MCP_Bz_Clip.shp';'C:\Users\greta.vega\Documents\MIGUEL\SWEEP2017\Filtered occurences ectotherm animals 16 12 31 copy\august2017\selected_clip\Liolaemus pseudolemniscatu_MCP_Bz_Clip.shp';'C:\Users\greta.vega\Documents\MIGUEL\SWEEP2017\Filtered occurences ectotherm animals 16 12 31 copy\august2017\selected_clip\Liolaemus quilme_MCP_Bz_Clip.shp';'C:\Users\greta.vega\Documents\MIGUEL\SWEEP2017\Filtered occurences ectotherm animals 16 12 31 copy\august2017\selected_clip\Liolaemus rothi_MCP_Bz_Clip.shp';'C:\Users\greta.vega\Documents\MIGUEL\SWEEP2017\Filtered occurences ectotherm animals 16 12 31 copy\august2017\selected_clip\Liolaemus schroederi_MCP_Bz_Clip.shp';'C:\Users\greta.vega\Documents\MIGUEL\SWEEP2017\Filtered occurences ectotherm animals 16 12 31 copy\august2017\selected_clip\Liolaemus tenui_MCP_Bz_Clip.shp';'C:\Users\greta.vega\Documents\MIGUEL\SWEEP2017\Filtered occurences ectotherm animals 16 12 31 copy\august2017\selected_clip\Liothyrella neozelanica_MCP_Bz_Clip.shp';'C:\Users\greta.vega\Documents\MIGUEL\SWEEP2017\Filtered occurences ectotherm animals 16 12 31 copy\august2017\selected_clip\Liothyrella uva_MCP_Bz_Clip.shp';'C:\Users\greta.vega\Documents\MIGUEL\SWEEP2017\Filtered occurences ectotherm animals 16 12 31 copy\august2017\selected_clip\Littorina littorea_MCP_Bz_Clip.shp';'C:\Users\greta.vega\Documents\MIGUEL\SWEEP2017\Filtered occurences ectotherm animals 16 12 31 copy\august2017\selected_clip\Littorina obtusata_MCP_Bz_Clip.shp';'C:\Users\greta.vega\Documents\MIGUEL\SWEEP2017\Filtered occurences ectotherm animals 16 12 31 copy\august2017\selected_clip\Littorina saxatili_MCP_Bz_Clip.shp';'C:\Users\greta.vega\Documents\MIGUEL\SWEEP2017\Filtered occurences ectotherm animals 16 12 31 copy\august2017\selected_clip\Lygisaurus foliorum_MCP_Bz_Clip.shp';'C:\Users\greta.vega\Documents\MIGUEL\SWEEP2017\Filtered occurences ectotherm animals 16 12 31 copy\august2017\selected_clip\Macoma balthica_MCP_Bz_Clip.shp';'C:\Users\greta.vega\Documents\MIGUEL\SWEEP2017\Filtered occurences ectotherm animals 16 12 31 copy\august2017\selected_clip\Margarites refulgens_MCP_Bz_Clip.shp';'C:\Users\greta.vega\Documents\MIGUEL\SWEEP2017\Filtered occurences ectotherm animals 16 12 31 copy\august2017\selected_clip\Menidia menidia_MCP_Bz_Clip.shp';'C:\Users\greta.vega\Documents\MIGUEL\SWEEP2017\Filtered occurences ectotherm animals 16 12 31 copy\august2017\selected_clip\Meroles suborbitalis_MCP_Bz_Clip.shp';'C:\Users\greta.vega\Documents\MIGUEL\SWEEP2017\Filtered occurences ectotherm animals 16 12 31 copy\august2017\selected_clip\Metacarcinus magister_MCP_Bz_Clip.shp';'C:\Users\greta.vega\Documents\MIGUEL\SWEEP2017\Filtered occurences ectotherm animals 16 12 31 copy\august2017\selected_clip\Moloch horridu_MCP_Bz_Clip.shp';'C:\Users\greta.vega\Documents\MIGUEL\SWEEP2017\Filtered occurences ectotherm animals 16 12 31 copy\august2017\selected_clip\Morethia butleri_MCP_Bz_Clip.shp';'C:\Users\greta.vega\Documents\MIGUEL\SWEEP2017\Filtered occurences ectotherm animals 16 12 31 copy\august2017\selected_clip\Morethia lineoocellata_MCP_Bz_Clip.shp';'C:\Users\greta.vega\Documents\MIGUEL\SWEEP2017\Filtered occurences ectotherm animals 16 12 31 copy\august2017\selected_clip\Morethia obscura_MCP_Bz_Clip.shp';'C:\Users\greta.vega\Documents\MIGUEL\SWEEP2017\Filtered occurences ectotherm animals 16 12 31 copy\august2017\selected_clip\Morethia taeniopleura_MCP_Bz_Clip.shp';'C:\Users\greta.vega\Documents\MIGUEL\SWEEP2017\Filtered occurences ectotherm animals 16 12 31 copy\august2017\selected_clip\Mulinia laterali_MCP_Bz_Clip.shp';'C:\Users\greta.vega\Documents\MIGUEL\SWEEP2017\Filtered occurences ectotherm animals 16 12 31 copy\august2017\selected_clip\Mya arenaria_MCP_Bz_Clip.shp';'C:\Users\greta.vega\Documents\MIGUEL\SWEEP2017\Filtered occurences ectotherm animals 16 12 31 copy\august2017\selected_clip\Myrmecocystus mimicu_MCP_Bz_Clip.shp';'C:\Users\greta.vega\Documents\MIGUEL\SWEEP2017\Filtered occurences ectotherm animals 16 12 31 copy\august2017\selected_clip\Mytilus eduli_MCP_Bz_Clip.shp';'C:\Users\greta.vega\Documents\MIGUEL\SWEEP2017\Filtered occurences ectotherm animals 16 12 31 copy\august2017\selected_clip\Nacella concinna_MCP_Bz_Clip.shp';'C:\Users\greta.vega\Documents\MIGUEL\SWEEP2017\Filtered occurences ectotherm animals 16 12 31 copy\august2017\selected_clip\Nannoscincus maccoyi_MCP_Bz_Clip.shp';'C:\Users\greta.vega\Documents\MIGUEL\SWEEP2017\Filtered occurences ectotherm animals 16 12 31 copy\august2017\selected_clip\Niveoscincus coventryi_MCP_Bz_Clip.shp';'C:\Users\greta.vega\Documents\MIGUEL\SWEEP2017\Filtered occurences ectotherm animals 16 12 31 copy\august2017\selected_clip\Niveoscincus metallicu_MCP_Bz_Clip.shp';'C:\Users\greta.vega\Documents\MIGUEL\SWEEP2017\Filtered occurences ectotherm animals 16 12 31 copy\august2017\selected_clip\Niveoscincus ocellatu_MCP_Bz_Clip.shp';'C:\Users\greta.vega\Documents\MIGUEL\SWEEP2017\Filtered occurences ectotherm animals 16 12 31 copy\august2017\selected_clip\Nucella lapillu_MCP_Bz_Clip.shp';'C:\Users\greta.vega\Documents\MIGUEL\SWEEP2017\Filtered occurences ectotherm animals 16 12 31 copy\august2017\selected_clip\Oedothorax apicatu_MCP_Bz_Clip.shp';'C:\Users\greta.vega\Documents\MIGUEL\SWEEP2017\Filtered occurences ectotherm animals 16 12 31 copy\august2017\selected_clip\Oncorhynchus tshawytscha_MCP_Bz_Clip.shp';'C:\Users\greta.vega\Documents\MIGUEL\SWEEP2017\Filtered occurences ectotherm animals 16 12 31 copy\august2017\selected_clip\Onoba gelida_MCP_Bz_Clip.shp';'C:\Users\greta.vega\Documents\MIGUEL\SWEEP2017\Filtered occurences ectotherm animals 16 12 31 copy\august2017\selected_clip\Ophionereis fasciata_MCP_Bz_Clip.shp';'C:\Users\greta.vega\Documents\MIGUEL\SWEEP2017\Filtered occurences ectotherm animals 16 12 31 copy\august2017\selected_clip\Orchomenella pinguide_MCP_Bz_Clip.shp';'C:\Users\greta.vega\Documents\MIGUEL\SWEEP2017\Filtered occurences ectotherm animals 16 12 31 copy\august2017\selected_clip\Pachycara brachycephalum_MCP_Bz_Clip.shp';'C:\Users\greta.vega\Documents\MIGUEL\SWEEP2017\Filtered occurences ectotherm animals 16 12 31 copy\august2017\selected_clip\Pachygrapsus marmoratu_MCP_Bz_Clip.shp';'C:\Users\greta.vega\Documents\MIGUEL\SWEEP2017\Filtered occurences ectotherm animals 16 12 31 copy\august2017\selected_clip\Paramoera walkeri_MCP_Bz_Clip.shp';'C:\Users\greta.vega\Documents\MIGUEL\SWEEP2017\Filtered occurences ectotherm animals 16 12 31 copy\august2017\selected_clip\Pardosa nigriceps_MCP_Bz_Clip.shp';'C:\Users\greta.vega\Documents\MIGUEL\SWEEP2017\Filtered occurences ectotherm animals 16 12 31 copy\august2017\selected_clip\Patiriella brevispina_MCP_Bz_Clip.shp';'C:\Users\greta.vega\Documents\MIGUEL\SWEEP2017\Filtered occurences ectotherm animals 16 12 31 copy\august2017\selected_clip\Pedioplanis lineoocellata_MCP_Bz_Clip.shp';'C:\Users\greta.vega\Documents\MIGUEL\SWEEP2017\Filtered occurences ectotherm animals 16 12 31 copy\august2017\selected_clip\Pegusa lascari_MCP_Bz_Clip.shp';'C:\Users\greta.vega\Documents\MIGUEL\SWEEP2017\Filtered occurences ectotherm animals 16 12 31 copy\august2017\selected_clip\Periophthalmus kalolo_MCP_Bz_Clip.shp';'C:\Users\greta.vega\Documents\MIGUEL\SWEEP2017\Filtered occurences ectotherm animals 16 12 31 copy\august2017\selected_clip\Petrolisthes gracili_MCP_Bz_Clip.shp';'C:\Users\greta.vega\Documents\MIGUEL\SWEEP2017\Filtered occurences ectotherm animals 16 12 31 copy\august2017\selected_clip\Petrolisthes hirtipe_MCP_Bz_Clip.shp';'C:\Users\greta.vega\Documents\MIGUEL\SWEEP2017\Filtered occurences ectotherm animals 16 12 31 copy\august2017\selected_clip\Philodromus aureolu_MCP_Bz_Clip.shp';'C:\Users\greta.vega\Documents\MIGUEL\SWEEP2017\Filtered occurences ectotherm animals 16 12 31 copy\august2017\selected_clip\Phrurolithus festivu_MCP_Bz_Clip.shp';'C:\Users\greta.vega\Documents\MIGUEL\SWEEP2017\Filtered occurences ectotherm animals 16 12 31 copy\august2017\selected_clip\Phymaturus tenebrosu_MCP_Bz_Clip.shp';'C:\Users\greta.vega\Documents\MIGUEL\SWEEP2017\Filtered occurences ectotherm animals 16 12 31 copy\august2017\selected_clip\Phymaturus zapalensi_MCP_Bz_Clip.shp';'C:\Users\greta.vega\Documents\MIGUEL\SWEEP2017\Filtered occurences ectotherm animals 16 12 31 copy\august2017\selected_clip\Pimephales promela_MCP_Bz_Clip.shp';'C:\Users\greta.vega\Documents\MIGUEL\SWEEP2017\Filtered occurences ectotherm animals 16 12 31 copy\august2017\selected_clip\Poeciliopsis occidentali_MCP_Bz_Clip.shp';'C:\Users\greta.vega\Documents\MIGUEL\SWEEP2017\Filtered occurences ectotherm animals 16 12 31 copy\august2017\selected_clip\Pogonomyrmex barbatu_MCP_Bz_Clip.shp';'C:\Users\greta.vega\Documents\MIGUEL\SWEEP2017\Filtered occurences ectotherm animals 16 12 31 copy\august2017\selected_clip\Pogonomyrmex californicu_MCP_Bz_Clip.shp';'C:\Users\greta.vega\Documents\MIGUEL\SWEEP2017\Filtered occurences ectotherm animals 16 12 31 copy\august2017\selected_clip\Pogonomyrmex rugosu_MCP_Bz_Clip.shp';'C:\Users\greta.vega\Documents\MIGUEL\SWEEP2017\Filtered occurences ectotherm animals 16 12 31 copy\august2017\selected_clip\Prinerigone vagan_MCP_Bz_Clip.shp';'C:\Users\greta.vega\Documents\MIGUEL\SWEEP2017\Filtered occurences ectotherm animals 16 12 31 copy\august2017\selected_clip\Proceratium silaceum_MCP_Bz_Clip.shp';'C:\Users\greta.vega\Documents\MIGUEL\SWEEP2017\Filtered occurences ectotherm animals 16 12 31 copy\august2017\selected_clip\Prochilodus scrofa_MCP_Bz_Clip.shp';'C:\Users\greta.vega\Documents\MIGUEL\SWEEP2017\Filtered occurences ectotherm animals 16 12 31 copy\august2017\selected_clip\Protothaca thaca_MCP_Bz_Clip.shp';'C:\Users\greta.vega\Documents\MIGUEL\SWEEP2017\Filtered occurences ectotherm animals 16 12 31 copy\august2017\selected_clip\Pseudechinus huttoni_MCP_Bz_Clip.shp';'C:\Users\greta.vega\Documents\MIGUEL\SWEEP2017\Filtered occurences ectotherm animals 16 12 31 copy\august2017\selected_clip\Pseudechis porphyriacu_MCP_Bz_Clip.shp';'C:\Users\greta.vega\Documents\MIGUEL\SWEEP2017\Filtered occurences ectotherm animals 16 12 31 copy\august2017\selected_clip\Pseudemoia entrecasteauxii_MCP_Bz_Clip.shp';'C:\Users\greta.vega\Documents\MIGUEL\SWEEP2017\Filtered occurences ectotherm animals 16 12 31 copy\august2017\selected_clip\Pseudemoia spenceri_MCP_Bz_Clip.shp';'C:\Users\greta.vega\Documents\MIGUEL\SWEEP2017\Filtered occurences ectotherm animals 16 12 31 copy\august2017\selected_clip\Pseudocordylus melanotu_MCP_Bz_Clip.shp';'C:\Users\greta.vega\Documents\MIGUEL\SWEEP2017\Filtered occurences ectotherm animals 16 12 31 copy\august2017\selected_clip\Pseudonaja nuchali_MCP_Bz_Clip.shp';'C:\Users\greta.vega\Documents\MIGUEL\SWEEP2017\Filtered occurences ectotherm animals 16 12 31 copy\august2017\selected_clip\Ptenopus garrulu_MCP_Bz_Clip.shp';'C:\Users\greta.vega\Documents\MIGUEL\SWEEP2017\Filtered occurences ectotherm animals 16 12 31 copy\august2017\selected_clip\Saiphos equali_MCP_Bz_Clip.shp';'C:\Users\greta.vega\Documents\MIGUEL\SWEEP2017\Filtered occurences ectotherm animals 16 12 31 copy\august2017\selected_clip\Saproscincus basiliscu_MCP_Bz_Clip.shp';'C:\Users\greta.vega\Documents\MIGUEL\SWEEP2017\Filtered occurences ectotherm animals 16 12 31 copy\august2017\selected_clip\Saproscincus mustelina_MCP_Bz_Clip.shp';'C:\Users\greta.vega\Documents\MIGUEL\SWEEP2017\Filtered occurences ectotherm animals 16 12 31 copy\august2017\selected_clip\Saproscincus tetradactyla_MCP_Bz_Clip.shp';'C:\Users\greta.vega\Documents\MIGUEL\SWEEP2017\Filtered occurences ectotherm animals 16 12 31 copy\august2017\selected_clip\Scotina gracilipe_MCP_Bz_Clip.shp';'C:\Users\greta.vega\Documents\MIGUEL\SWEEP2017\Filtered occurences ectotherm animals 16 12 31 copy\august2017\selected_clip\Semele solida_MCP_Bz_Clip.shp';'C:\Users\greta.vega\Documents\MIGUEL\SWEEP2017\Filtered occurences ectotherm animals 16 12 31 copy\august2017\selected_clip\Sphaerodactylus roosevelti_MCP_Bz_Clip.shp';'C:\Users\greta.vega\Documents\MIGUEL\SWEEP2017\Filtered occurences ectotherm animals 16 12 31 copy\august2017\selected_clip\Sphenomorphus indicu_MCP_Bz_Clip.shp';'C:\Users\greta.vega\Documents\MIGUEL\SWEEP2017\Filtered occurences ectotherm animals 16 12 31 copy\august2017\selected_clip\Spisula subtruncata_MCP_Bz_Clip.shp';'C:\Users\greta.vega\Documents\MIGUEL\SWEEP2017\Filtered occurences ectotherm animals 16 12 31 copy\august2017\selected_clip\Stemonyphantes lineatu_MCP_Bz_Clip.shp';'C:\Users\greta.vega\Documents\MIGUEL\SWEEP2017\Filtered occurences ectotherm animals 16 12 31 copy\august2017\selected_clip\Sterechinus neumayeri_MCP_Bz_Clip.shp';'C:\Users\greta.vega\Documents\MIGUEL\SWEEP2017\Filtered occurences ectotherm animals 16 12 31 copy\august2017\selected_clip\Takydromus formosanu_MCP_Bz_Clip.shp';'C:\Users\greta.vega\Documents\MIGUEL\SWEEP2017\Filtered occurences ectotherm animals 16 12 31 copy\august2017\selected_clip\Takydromus stejnegeri_MCP_Bz_Clip.shp';'C:\Users\greta.vega\Documents\MIGUEL\SWEEP2017\Filtered occurences ectotherm animals 16 12 31 copy\august2017\selected_clip\Tellina tenui_MCP_Bz_Clip.shp';'C:\Users\greta.vega\Documents\MIGUEL\SWEEP2017\Filtered occurences ectotherm animals 16 12 31 copy\august2017\selected_clip\Tetramorium caespitum_MCP_Bz_Clip.shp';'C:\Users\greta.vega\Documents\MIGUEL\SWEEP2017\Filtered occurences ectotherm animals 16 12 31 copy\august2017\selected_clip\Thamnophis marcianu_MCP_Bz_Clip.shp';'C:\Users\greta.vega\Documents\MIGUEL\SWEEP2017\Filtered occurences ectotherm animals 16 12 31 copy\august2017\selected_clip\Thamnophis melanogaster_MCP_Bz_Clip.shp';'C:\Users\greta.vega\Documents\MIGUEL\SWEEP2017\Filtered occurences ectotherm animals 16 12 31 copy\august2017\selected_clip\Tiliqua nigrolutea_MCP_Bz_Clip.shp';'C:\Users\greta.vega\Documents\MIGUEL\SWEEP2017\Filtered occurences ectotherm animals 16 12 31 copy\august2017\selected_clip\Tiliqua rugosa_MCP_Bz_Clip.shp';'C:\Users\greta.vega\Documents\MIGUEL\SWEEP2017\Filtered occurences ectotherm animals 16 12 31 copy\august2017\selected_clip\Tiliqua scincoide_MCP_Bz_Clip.shp';'C:\Users\greta.vega\Documents\MIGUEL\SWEEP2017\Filtered occurences ectotherm animals 16 12 31 copy\august2017\selected_clip\Trachylepis capensi_MCP_Bz_Clip.shp';'C:\Users\greta.vega\Documents\MIGUEL\SWEEP2017\Filtered occurences ectotherm animals 16 12 31 copy\august2017\selected_clip\Trachymyrmex septentrionali_MCP_Bz_Clip.shp';'C:\Users\greta.vega\Documents\MIGUEL\SWEEP2017\Filtered occurences ectotherm animals 16 12 31 copy\august2017\selected_clip\Trematomus bernacchii_MCP_Bz_Clip.shp';'C:\Users\greta.vega\Documents\MIGUEL\SWEEP2017\Filtered occurences ectotherm animals 16 12 31 copy\august2017\selected_clip\Trematomus borchgrevinki_MCP_Bz_Clip.shp';'C:\Users\greta.vega\Documents\MIGUEL\SWEEP2017\Filtered occurences ectotherm animals 16 12 31 copy\august2017\selected_clip\Trematomus hansoni_MCP_Bz_Clip.shp';'C:\Users\greta.vega\Documents\MIGUEL\SWEEP2017\Filtered occurences ectotherm animals 16 12 31 copy\august2017\selected_clip\Tropidophorus queenslandiae_MCP_Bz_Clip.shp';'C:\Users\greta.vega\Documents\MIGUEL\SWEEP2017\Filtered occurences ectotherm animals 16 12 31 copy\august2017\selected_clip\Uta stansburiana_MCP_Bz_Clip.shp';'C:\Users\greta.vega\Documents\MIGUEL\SWEEP2017\Filtered occurences ectotherm animals 16 12 31 copy\august2017\selected_clip\Varanus gouldii_MCP_Bz_Clip.shp';'C:\Users\greta.vega\Documents\MIGUEL\SWEEP2017\Filtered occurences ectotherm animals 16 12 31 copy\august2017\selected_clip\Varanus variu_MCP_Bz_Clip.shp';'C:\Users\greta.vega\Documents\MIGUEL\SWEEP2017\Filtered occurences ectotherm animals 16 12 31 copy\august2017\selected_clip\Xantho incisu_MCP_Bz_Clip.shp';'C:\Users\greta.vega\Documents\MIGUEL\SWEEP2017\Filtered occurences ectotherm animals 16 12 31 copy\august2017\selected_clip\Zoarces viviparu_MCP_Bz_Clip.shp' "C:\Users\greta.vega\Documents\MIGUEL\SWEEP2017\Filtered occurences ectotherm animals 16 12 31 copy\Filtered occurences ectotherm animals_020817.shp" "species "species" true true false 254 Text 0 0 ,First,#,C:\Users\greta.vega\Documents\MIGUEL\SWEEP2017\Filtered occurences ectotherm animals 16 12 31 copy\august2017\selected_clip\Acar domingensi_MCP_Bz_Clip.shp,species,-1,-1,C:\Users\greta.vega\Documents\MIGUEL\SWEEP2017\Filtered occurences ectotherm animals 16 12 31 copy\august2017\selected_clip\Adamussium colbecki_MCP_Bz_Clip.shp,species,-1,-1,C:\Users\greta.vega\Documents\MIGUEL\SWEEP2017\Filtered occurences ectotherm animals 16 12 31 copy\august2017\selected_clip\Agabus ramblae_MCP_Bz_Clip.shp,species,-1,-1,C:\Users\greta.vega\Documents\MIGUEL\SWEEP2017\Filtered occurences ectotherm animals 16 12 31 copy\august2017\selected_clip\Agroeca proxima_MCP_Bz_Clip.shp,species,-1,-1,C:\Users\greta.vega\Documents\MIGUEL\SWEEP2017\Filtered occurences ectotherm animals 16 12 31 copy\august2017\selected_clip\Ameiurus mela_MCP_Bz_Clip.shp,species,-1,-1,C:\Users\greta.vega\Documents\MIGUEL\SWEEP2017\Filtered occurences ectotherm animals 16 12 31 copy\august2017\selected_clip\Ameiurus natali_MCP_Bz_Clip.shp,species,-1,-1,C:\Users\greta.vega\Documents\MIGUEL\SWEEP2017\Filtered occurences ectotherm animals 16 12 31 copy\august2017\selected_clip\Ameiva festiva_MCP_Bz_Clip.shp,species,-1,-1,C:\Users\greta.vega\Documents\MIGUEL\SWEEP2017\Filtered occurences ectotherm animals 16 12 31 copy\august2017\selected_clip\Amphibolurus muricatu_MCP_Bz_Clip.shp,species,-1,-1,C:\Users\greta.vega\Documents\MIGUEL\SWEEP2017\Filtered occurences ectotherm animals 16 12 31 copy\august2017\selected_clip\Anodontia bullula_MCP_Bz_Clip.shp,species,-1,-1,C:\Users\greta.vega\Documents\MIGUEL\SWEEP2017\Filtered occurences ectotherm animals 16 12 31 copy\august2017\selected_clip\Anolis auratu_MCP_Bz_Clip.shp,species,-1,-1,C:\Users\greta.vega\Documents\MIGUEL\SWEEP2017\Filtered occurences ectotherm animals 16 12 31 copy\august2017\selected_clip\Anolis barbouri_MCP_Bz_Clip.shp,species,-1,-1,C:\Users\greta.vega\Documents\MIGUEL\SWEEP2017\Filtered occurences ectotherm animals 16 12 31 copy\august2017\selected_clip\Anolis cooki_MCP_Bz_Clip.shp,species,-1,-1,C:\Users\greta.vega\Documents\MIGUEL\SWEEP2017\Filtered occurences ectotherm animals 16 12 31 copy\august2017\selected_clip\Anolis cristatellu_MCP_Bz_Clip.shp,species,-1,-1,C:\Users\greta.vega\Documents\MIGUEL\SWEEP2017\Filtered occurences ectotherm animals 16 12 31 copy\august2017\selected_clip\Anolis cupreu_MCP_Bz_Clip.shp,species,-1,-1,C:\Users\greta.vega\Documents\MIGUEL\SWEEP2017\Filtered occurences ectotherm animals 16 12 31 copy\august2017\selected_clip\Anolis cybote_MCP_Bz_Clip.shp,species,-1,-1,C:\Users\greta.vega\Documents\MIGUEL\SWEEP2017\Filtered occurences ectotherm animals 16 12 31 copy\august2017\selected_clip\Anolis evermanni_MCP_Bz_Clip.shp,species,-1,-1,C:\Users\greta.vega\Documents\MIGUEL\SWEEP2017\Filtered occurences ectotherm animals 16 12 31 copy\august2017\selected_clip\Anolis frenatu_MCP_Bz_Clip.shp,species,-1,-1,C:\Users\greta.vega\Documents\MIGUEL\SWEEP2017\Filtered occurences ectotherm animals 16 12 31 copy\august2017\selected_clip\Anolis gundlachi_MCP_Bz_Clip.shp,species,-1,-1,C:\Users\greta.vega\Documents\MIGUEL\SWEEP2017\Filtered occurences ectotherm animals 16 12 31 copy\august2017\selected_clip\Anolis humili_MCP_Bz_Clip.shp,species,-1,-1,C:\Users\greta.vega\Documents\MIGUEL\SWEEP2017\Filtered occurences ectotherm animals 16 12 31 copy\august2017\selected_clip\Anolis krugi_MCP_Bz_Clip.shp,species,-1,-1,C:\Users\greta.vega\Documents\MIGUEL\SWEEP2017\Filtered occurences ectotherm animals 16 12 31 copy\august2017\selected_clip\Anolis lemurinu_MCP_Bz_Clip.shp,species,-1,-1,C:\Users\greta.vega\Documents\MIGUEL\SWEEP2017\Filtered occurences ectotherm animals 16 12 31 copy\august2017\selected_clip\Anolis limifron_MCP_Bz_Clip.shp,species,-1,-1,C:\Users\greta.vega\Documents\MIGUEL\SWEEP2017\Filtered occurences ectotherm animals 16 12 31 copy\august2017\selected_clip\Anolis marcanoi_MCP_Bz_Clip.shp,species,-1,-1,C:\Users\greta.vega\Documents\MIGUEL\SWEEP2017\Filtered occurences ectotherm animals 16 12 31 copy\august2017\selected_clip\Anolis pentaprion_MCP_Bz_Clip.shp,species,-1,-1,C:\Users\greta.vega\Documents\MIGUEL\SWEEP2017\Filtered occurences ectotherm animals 16 12 31 copy\august2017\selected_clip\Anolis pulchellu_MCP_Bz_Clip.shp,species,-1,-1,C:\Users\greta.vega\Documents\MIGUEL\SWEEP2017\Filtered occurences ectotherm animals 16 12 31 copy\august2017\selected_clip\Anolis roquet_MCP_Bz_Clip.shp,species,-1,-1,C:\Users\greta.vega\Documents\MIGUEL\SWEEP2017\Filtered occurences ectotherm animals 16 12 31 copy\august2017\selected_clip\Anolis sagrei_MCP_Bz_Clip.shp,species,-1,-1,C:\Users\greta.vega\Documents\MIGUEL\SWEEP2017\Filtered occurences ectotherm animals 16 12 31 copy\august2017\selected_clip\Anolis shrevei_MCP_Bz_Clip.shp,species,-1,-1,C:\Users\greta.vega\Documents\MIGUEL\SWEEP2017\Filtered occurences ectotherm animals 16 12 31 copy\august2017\selected_clip\Anolis stratulu_MCP_Bz_Clip.shp,species,-1,-1,C:\Users\greta.vega\Documents\MIGUEL\SWEEP2017\Filtered occurences ectotherm animals 16 12 31 copy\august2017\selected_clip\Anolis tropidogaster_MCP_Bz_Clip.shp,species,-1,-1,C:\Users\greta.vega\Documents\MIGUEL\SWEEP2017\Filtered occurences ectotherm animals 16 12 31 copy\august2017\selected_clip\Anolis tropidolepi_MCP_Bz_Clip.shp,species,-1,-1,C:\Users\greta.vega\Documents\MIGUEL\SWEEP2017\Filtered occurences ectotherm animals 16 12 31 copy\august2017\selected_clip\Anomalopus leuckartii_MCP_Bz_Clip.shp,species,-1,-1,C:\Users\greta.vega\Documents\MIGUEL\SWEEP2017\Filtered occurences ectotherm animals 16 12 31 copy\august2017\selected_clip\Aphaenogaster fulva_MCP_Bz_Clip.shp,species,-1,-1,C:\Users\greta.vega\Documents\MIGUEL\SWEEP2017\Filtered occurences ectotherm animals 16 12 31 copy\august2017\selected_clip\Apteropanorpa tasmanica_MCP_Bz_Clip.shp,species,-1,-1,C:\Users\greta.vega\Documents\MIGUEL\SWEEP2017\Filtered occurences ectotherm animals 16 12 31 copy\august2017\selected_clip\Argopecten purpuratu_MCP_Bz_Clip.shp,species,-1,-1,C:\Users\greta.vega\Documents\MIGUEL\SWEEP2017\Filtered occurences ectotherm animals 16 12 31 copy\august2017\selected_clip\Armases ricordi_MCP_Bz_Clip.shp,species,-1,-1,C:\Users\greta.vega\Documents\MIGUEL\SWEEP2017\Filtered occurences ectotherm animals 16 12 31 copy\august2017\selected_clip\Aulacomya atra_MCP_Bz_Clip.shp,species,-1,-1,C:\Users\greta.vega\Documents\MIGUEL\SWEEP2017\Filtered occurences ectotherm animals 16 12 31 copy\august2017\selected_clip\Austrelaps superbu_MCP_Bz_Clip.shp,species,-1,-1,C:\Users\greta.vega\Documents\MIGUEL\SWEEP2017\Filtered occurences ectotherm animals 16 12 31 copy\august2017\selected_clip\Barbatia pistachia_MCP_Bz_Clip.shp,species,-1,-1,C:\Users\greta.vega\Documents\MIGUEL\SWEEP2017\Filtered occurences ectotherm animals 16 12 31 copy\august2017\selected_clip\Basiliscus vittatu_MCP_Bz_Clip.shp,species,-1,-1,C:\Users\greta.vega\Documents\MIGUEL\SWEEP2017\Filtered occurences ectotherm animals 16 12 31 copy\august2017\selected_clip\Bassiana duperreyi_MCP_Bz_Clip.shp,species,-1,-1,C:\Users\greta.vega\Documents\MIGUEL\SWEEP2017\Filtered occurences ectotherm animals 16 12 31 copy\august2017\selected_clip\Bassiana platynota_MCP_Bz_Clip.shp,species,-1,-1,C:\Users\greta.vega\Documents\MIGUEL\SWEEP2017\Filtered occurences ectotherm animals 16 12 31 copy\august2017\selected_clip\Boreogadus saida_MCP_Bz_Clip.shp,species,-1,-1,C:\Users\greta.vega\Documents\MIGUEL\SWEEP2017\Filtered occurences ectotherm animals 16 12 31 copy\august2017\selected_clip\Brachyrhaphis episcopi_MCP_Bz_Clip.shp,species,-1,-1,C:\Users\greta.vega\Documents\MIGUEL\SWEEP2017\Filtered occurences ectotherm animals 16 12 31 copy\august2017\selected_clip\Bullia rhodostoma_MCP_Bz_Clip.shp,species,-1,-1,C:\Users\greta.vega\Documents\MIGUEL\SWEEP2017\Filtered occurences ectotherm animals 16 12 31 copy\august2017\selected_clip\Calathus melanocephalu_MCP_Bz_Clip.shp,species,-1,-1,C:\Users\greta.vega\Documents\MIGUEL\SWEEP2017\Filtered occurences ectotherm animals 16 12 31 copy\august2017\selected_clip\Calyptotis temporali_MCP_Bz_Clip.shp,species,-1,-1,C:\Users\greta.vega\Documents\MIGUEL\SWEEP2017\Filtered occurences ectotherm animals 16 12 31 copy\august2017\selected_clip\Camponotus americanu_MCP_Bz_Clip.shp,species,-1,-1,C:\Users\greta.vega\Documents\MIGUEL\SWEEP2017\Filtered occurences ectotherm animals 16 12 31 copy\august2017\selected_clip\Camponotus castaneu_MCP_Bz_Clip.shp,species,-1,-1,C:\Users\greta.vega\Documents\MIGUEL\SWEEP2017\Filtered occurences ectotherm animals 16 12 31 copy\august2017\selected_clip\Camponotus chromaiode_MCP_Bz_Clip.shp,species,-1,-1,C:\Users\greta.vega\Documents\MIGUEL\SWEEP2017\Filtered occurences ectotherm animals 16 12 31 copy\august2017\selected_clip\Camponotus novaeboracensi_MCP_Bz_Clip.shp,species,-1,-1,C:\Users\greta.vega\Documents\MIGUEL\SWEEP2017\Filtered occurences ectotherm animals 16 12 31 copy\august2017\selected_clip\Camponotus pennsylvanicu_MCP_Bz_Clip.shp,species,-1,-1,C:\Users\greta.vega\Documents\MIGUEL\SWEEP2017\Filtered occurences ectotherm animals 16 12 31 copy\august2017\selected_clip\Carlia longipe_MCP_Bz_Clip.shp,species,-1,-1,C:\Users\greta.vega\Documents\MIGUEL\SWEEP2017\Filtered occurences ectotherm animals 16 12 31 copy\august2017\selected_clip\Carlia munda_MCP_Bz_Clip.shp,species,-1,-1,C:\Users\greta.vega\Documents\MIGUEL\SWEEP2017\Filtered occurences ectotherm animals 16 12 31 copy\august2017\selected_clip\Carlia pectorali_MCP_Bz_Clip.shp,species,-1,-1,C:\Users\greta.vega\Documents\MIGUEL\SWEEP2017\Filtered occurences ectotherm animals 16 12 31 copy\august2017\selected_clip\Carlia rhomboidali_MCP_Bz_Clip.shp,species,-1,-1,C:\Users\greta.vega\Documents\MIGUEL\SWEEP2017\Filtered occurences ectotherm animals 16 12 31 copy\august2017\selected_clip\Carlia schmeltzii_MCP_Bz_Clip.shp,species,-1,-1,C:\Users\greta.vega\Documents\MIGUEL\SWEEP2017\Filtered occurences ectotherm animals 16 12 31 copy\august2017\selected_clip\Carlia vivax_MCP_Bz_Clip.shp,species,-1,-1,C:\Users\greta.vega\Documents\MIGUEL\SWEEP2017\Filtered occurences ectotherm animals 16 12 31 copy\august2017\selected_clip\Carpiodes cyprinu_MCP_Bz_Clip.shp,species,-1,-1,C:\Users\greta.vega\Documents\MIGUEL\SWEEP2017\Filtered occurences ectotherm animals 16 12 31 copy\august2017\selected_clip\Cerastoderma edule_MCP_Bz_Clip.shp,species,-1,-1,C:\Users\greta.vega\Documents\MIGUEL\SWEEP2017\Filtered occurences ectotherm animals 16 12 31 copy\august2017\selected_clip\Chamaeleo jacksonii_MCP_Bz_Clip.shp,species,-1,-1,C:\Users\greta.vega\Documents\MIGUEL\SWEEP2017\Filtered occurences ectotherm animals 16 12 31 copy\august2017\selected_clip\Chondrodactylus bibronii_MCP_Bz_Clip.shp,species,-1,-1,C:\Users\greta.vega\Documents\MIGUEL\SWEEP2017\Filtered occurences ectotherm animals 16 12 31 copy\august2017\selected_clip\Clubiona diversa_MCP_Bz_Clip.shp,species,-1,-1,C:\Users\greta.vega\Documents\MIGUEL\SWEEP2017\Filtered occurences ectotherm animals 16 12 31 copy\august2017\selected_clip\Clubiona triviali_MCP_Bz_Clip.shp,species,-1,-1,C:\Users\greta.vega\Documents\MIGUEL\SWEEP2017\Filtered occurences ectotherm animals 16 12 31 copy\august2017\selected_clip\Cnemidocarpa bicornuta_MCP_Bz_Clip.shp,species,-1,-1,C:\Users\greta.vega\Documents\MIGUEL\SWEEP2017\Filtered occurences ectotherm animals 16 12 31 copy\august2017\selected_clip\Coluber constrictor_MCP_Bz_Clip.shp,species,-1,-1,C:\Users\greta.vega\Documents\MIGUEL\SWEEP2017\Filtered occurences ectotherm animals 16 12 31 copy\august2017\selected_clip\Cookia sulcata_MCP_Bz_Clip.shp,species,-1,-1,C:\Users\greta.vega\Documents\MIGUEL\SWEEP2017\Filtered occurences ectotherm animals 16 12 31 copy\august2017\selected_clip\Cordylus niger_MCP_Bz_Clip.shp,species,-1,-1,C:\Users\greta.vega\Documents\MIGUEL\SWEEP2017\Filtered occurences ectotherm animals 16 12 31 copy\august2017\selected_clip\Cottus bairdii_MCP_Bz_Clip.shp,species,-1,-1,C:\Users\greta.vega\Documents\MIGUEL\SWEEP2017\Filtered occurences ectotherm animals 16 12 31 copy\august2017\selected_clip\Cottus cognatus_MCP_Bz_Clip.shp,species,-1,-1,C:\Users\greta.vega\Documents\MIGUEL\SWEEP2017\Filtered occurences ectotherm animals 16 12 31 copy\august2017\selected_clip\Crangon crangon_MCP_Bz_Clip.shp,species,-1,-1,C:\Users\greta.vega\Documents\MIGUEL\SWEEP2017\Filtered occurences ectotherm animals 16 12 31 copy\august2017\selected_clip\Crematogaster lineolata_MCP_Bz_Clip.shp,species,-1,-1,C:\Users\greta.vega\Documents\MIGUEL\SWEEP2017\Filtered occurences ectotherm animals 16 12 31 copy\august2017\selected_clip\Crustulina guttata_MCP_Bz_Clip.shp,species,-1,-1,C:\Users\greta.vega\Documents\MIGUEL\SWEEP2017\Filtered occurences ectotherm animals 16 12 31 copy\august2017\selected_clip\Cryptoblepharus litorali_MCP_Bz_Clip.shp,species,-1,-1,C:\Users\greta.vega\Documents\MIGUEL\SWEEP2017\Filtered occurences ectotherm animals 16 12 31 copy\august2017\selected_clip\Cryptoblepharus plagiocephalu_MCP_Bz_Clip.shp,species,-1,-1,C:\Users\greta.vega\Documents\MIGUEL\SWEEP2017\Filtered occurences ectotherm animals 16 12 31 copy\august2017\selected_clip\Cryptoblepharus virgatu_MCP_Bz_Clip.shp,species,-1,-1,C:\Users\greta.vega\Documents\MIGUEL\SWEEP2017\Filtered occurences ectotherm animals 16 12 31 copy\august2017\selected_clip\Ctenophorus cristatu_MCP_Bz_Clip.shp,species,-1,-1,C:\Users\greta.vega\Documents\MIGUEL\SWEEP2017\Filtered occurences ectotherm animals 16 12 31 copy\august2017\selected_clip\Ctenophorus decresii_MCP_Bz_Clip.shp,species,-1,-1,C:\Users\greta.vega\Documents\MIGUEL\SWEEP2017\Filtered occurences ectotherm animals 16 12 31 copy\august2017\selected_clip\Ctenophorus fordi_MCP_Bz_Clip.shp,species,-1,-1,C:\Users\greta.vega\Documents\MIGUEL\SWEEP2017\Filtered occurences ectotherm animals 16 12 31 copy\august2017\selected_clip\Ctenophorus pictu_MCP_Bz_Clip.shp,species,-1,-1,C:\Users\greta.vega\Documents\MIGUEL\SWEEP2017\Filtered occurences ectotherm animals 16 12 31 copy\august2017\selected_clip\Ctenophorus reticulatu_MCP_Bz_Clip.shp,species,-1,-1,C:\Users\greta.vega\Documents\MIGUEL\SWEEP2017\Filtered occurences ectotherm animals 16 12 31 copy\august2017\selected_clip\Ctenotus essingtonii_MCP_Bz_Clip.shp,species,-1,-1,C:\Users\greta.vega\Documents\MIGUEL\SWEEP2017\Filtered occurences ectotherm animals 16 12 31 copy\august2017\selected_clip\Ctenotus pantherinu_MCP_Bz_Clip.shp,species,-1,-1,C:\Users\greta.vega\Documents\MIGUEL\SWEEP2017\Filtered occurences ectotherm animals 16 12 31 copy\august2017\selected_clip\Ctenotus regiu_MCP_Bz_Clip.shp,species,-1,-1,C:\Users\greta.vega\Documents\MIGUEL\SWEEP2017\Filtered occurences ectotherm animals 16 12 31 copy\august2017\selected_clip\Ctenotus spaldingi_MCP_Bz_Clip.shp,species,-1,-1,C:\Users\greta.vega\Documents\MIGUEL\SWEEP2017\Filtered occurences ectotherm animals 16 12 31 copy\august2017\selected_clip\Ctenotus taeniolatu_MCP_Bz_Clip.shp,species,-1,-1,C:\Users\greta.vega\Documents\MIGUEL\SWEEP2017\Filtered occurences ectotherm animals 16 12 31 copy\august2017\selected_clip\Ctenotus uber_MCP_Bz_Clip.shp,species,-1,-1,C:\Users\greta.vega\Documents\MIGUEL\SWEEP2017\Filtered occurences ectotherm animals 16 12 31 copy\august2017\selected_clip\Cyclodomorphus branchiali_MCP_Bz_Clip.shp,species,-1,-1,C:\Users\greta.vega\Documents\MIGUEL\SWEEP2017\Filtered occurences ectotherm animals 16 12 31 copy\august2017\selected_clip\Cyprinodon maculariu_MCP_Bz_Clip.shp,species,-1,-1,C:\Users\greta.vega\Documents\MIGUEL\SWEEP2017\Filtered occurences ectotherm animals 16 12 31 copy\august2017\selected_clip\Cyprinodon nevadensis_amargosae_MCP_Bz_Clip.shp,species,-1,-1,C:\Users\greta.vega\Documents\MIGUEL\SWEEP2017\Filtered occurences ectotherm animals 16 12 31 copy\august2017\selected_clip\Dallia pectoralis_MCP_Bz_Clip.shp,species,-1,-1,C:\Users\greta.vega\Documents\MIGUEL\SWEEP2017\Filtered occurences ectotherm animals 16 12 31 copy\august2017\selected_clip\Dascyllus aruanus_MCP_Bz_Clip.shp,species,-1,-1,C:\Users\greta.vega\Documents\MIGUEL\SWEEP2017\Filtered occurences ectotherm animals 16 12 31 copy\august2017\selected_clip\Deroceras reticulatum_MCP_Bz_Clip.shp,species,-1,-1,C:\Users\greta.vega\Documents\MIGUEL\SWEEP2017\Filtered occurences ectotherm animals 16 12 31 copy\august2017\selected_clip\Distaplia occidentali_MCP_Bz_Clip.shp,species,-1,-1,C:\Users\greta.vega\Documents\MIGUEL\SWEEP2017\Filtered occurences ectotherm animals 16 12 31 copy\august2017\selected_clip\Divaricella irpex_MCP_Bz_Clip.shp,species,-1,-1,C:\Users\greta.vega\Documents\MIGUEL\SWEEP2017\Filtered occurences ectotherm animals 16 12 31 copy\august2017\selected_clip\Donax serra_MCP_Bz_Clip.shp,species,-1,-1,C:\Users\greta.vega\Documents\MIGUEL\SWEEP2017\Filtered occurences ectotherm animals 16 12 31 copy\august2017\selected_clip\Echinometra lucunter_MCP_Bz_Clip.shp,species,-1,-1,C:\Users\greta.vega\Documents\MIGUEL\SWEEP2017\Filtered occurences ectotherm animals 16 12 31 copy\august2017\selected_clip\Eciton burchellii_MCP_Bz_Clip.shp,species,-1,-1,C:\Users\greta.vega\Documents\MIGUEL\SWEEP2017\Filtered occurences ectotherm animals 16 12 31 copy\august2017\selected_clip\Egernia cunninghami_MCP_Bz_Clip.shp,species,-1,-1,C:\Users\greta.vega\Documents\MIGUEL\SWEEP2017\Filtered occurences ectotherm animals 16 12 31 copy\august2017\selected_clip\Egernia saxatili_MCP_Bz_Clip.shp,species,-1,-1,C:\Users\greta.vega\Documents\MIGUEL\SWEEP2017\Filtered occurences ectotherm animals 16 12 31 copy\august2017\selected_clip\Egernia striolata_MCP_Bz_Clip.shp,species,-1,-1,C:\Users\greta.vega\Documents\MIGUEL\SWEEP2017\Filtered occurences ectotherm animals 16 12 31 copy\august2017\selected_clip\Ensis macha_MCP_Bz_Clip.shp,species,-1,-1,C:\Users\greta.vega\Documents\MIGUEL\SWEEP2017\Filtered occurences ectotherm animals 16 12 31 copy\august2017\selected_clip\Eremias multiocellata_MCP_Bz_Clip.shp,species,-1,-1,C:\Users\greta.vega\Documents\MIGUEL\SWEEP2017\Filtered occurences ectotherm animals 16 12 31 copy\august2017\selected_clip\Eremiascincus fasciolatu_MCP_Bz_Clip.shp,species,-1,-1,C:\Users\greta.vega\Documents\MIGUEL\SWEEP2017\Filtered occurences ectotherm animals 16 12 31 copy\august2017\selected_clip\Eremiascincus richardsonii_MCP_Bz_Clip.shp,species,-1,-1,C:\Users\greta.vega\Documents\MIGUEL\SWEEP2017\Filtered occurences ectotherm animals 16 12 31 copy\august2017\selected_clip\Etheostoma flabellare_MCP_Bz_Clip.shp,species,-1,-1,C:\Users\greta.vega\Documents\MIGUEL\SWEEP2017\Filtered occurences ectotherm animals 16 12 31 copy\august2017\selected_clip\Eucidaris tribuloide_MCP_Bz_Clip.shp,species,-1,-1,C:\Users\greta.vega\Documents\MIGUEL\SWEEP2017\Filtered occurences ectotherm animals 16 12 31 copy\august2017\selected_clip\Eulamprus kosciuskoi_MCP_Bz_Clip.shp,species,-1,-1,C:\Users\greta.vega\Documents\MIGUEL\SWEEP2017\Filtered occurences ectotherm animals 16 12 31 copy\august2017\selected_clip\Eulamprus murrayi_MCP_Bz_Clip.shp,species,-1,-1,C:\Users\greta.vega\Documents\MIGUEL\SWEEP2017\Filtered occurences ectotherm animals 16 12 31 copy\august2017\selected_clip\Eulamprus quoyii_MCP_Bz_Clip.shp,species,-1,-1,C:\Users\greta.vega\Documents\MIGUEL\SWEEP2017\Filtered occurences ectotherm animals 16 12 31 copy\august2017\selected_clip\Eulamprus tenui_MCP_Bz_Clip.shp,species,-1,-1,C:\Users\greta.vega\Documents\MIGUEL\SWEEP2017\Filtered occurences ectotherm animals 16 12 31 copy\august2017\selected_clip\Eulamprus tympanum_MCP_Bz_Clip.shp,species,-1,-1,C:\Users\greta.vega\Documents\MIGUEL\SWEEP2017\Filtered occurences ectotherm animals 16 12 31 copy\august2017\selected_clip\Floridichthys carpio_MCP_Bz_Clip.shp,species,-1,-1,C:\Users\greta.vega\Documents\MIGUEL\SWEEP2017\Filtered occurences ectotherm animals 16 12 31 copy\august2017\selected_clip\Formica neogagate_MCP_Bz_Clip.shp,species,-1,-1,C:\Users\greta.vega\Documents\MIGUEL\SWEEP2017\Filtered occurences ectotherm animals 16 12 31 copy\august2017\selected_clip\Formica obscuripe_MCP_Bz_Clip.shp,species,-1,-1,C:\Users\greta.vega\Documents\MIGUEL\SWEEP2017\Filtered occurences ectotherm animals 16 12 31 copy\august2017\selected_clip\Fundulus parvipinni_MCP_Bz_Clip.shp,species,-1,-1,C:\Users\greta.vega\Documents\MIGUEL\SWEEP2017\Filtered occurences ectotherm animals 16 12 31 copy\august2017\selected_clip\Gambusia nicaraguensi_MCP_Bz_Clip.shp,species,-1,-1,C:\Users\greta.vega\Documents\MIGUEL\SWEEP2017\Filtered occurences ectotherm animals 16 12 31 copy\august2017\selected_clip\Gambusia yucatana_MCP_Bz_Clip.shp,species,-1,-1,C:\Users\greta.vega\Documents\MIGUEL\SWEEP2017\Filtered occurences ectotherm animals 16 12 31 copy\august2017\selected_clip\Gammarus locusta_MCP_Bz_Clip.shp,species,-1,-1,C:\Users\greta.vega\Documents\MIGUEL\SWEEP2017\Filtered occurences ectotherm animals 16 12 31 copy\august2017\selected_clip\Gehyra variegata_MCP_Bz_Clip.shp,species,-1,-1,C:\Users\greta.vega\Documents\MIGUEL\SWEEP2017\Filtered occurences ectotherm animals 16 12 31 copy\august2017\selected_clip\Gemma gemma_MCP_Bz_Clip.shp,species,-1,-1,C:\Users\greta.vega\Documents\MIGUEL\SWEEP2017\Filtered occurences ectotherm animals 16 12 31 copy\august2017\selected_clip\Glaphyromorphus punctulatu_MCP_Bz_Clip.shp,species,-1,-1,C:\Users\greta.vega\Documents\MIGUEL\SWEEP2017\Filtered occurences ectotherm animals 16 12 31 copy\august2017\selected_clip\Gobius cobiti_MCP_Bz_Clip.shp,species,-1,-1,C:\Users\greta.vega\Documents\MIGUEL\SWEEP2017\Filtered occurences ectotherm animals 16 12 31 copy\august2017\selected_clip\Gobius niger_MCP_Bz_Clip.shp,species,-1,-1,C:\Users\greta.vega\Documents\MIGUEL\SWEEP2017\Filtered occurences ectotherm animals 16 12 31 copy\august2017\selected_clip\Halozetes belgicae_MCP_Bz_Clip.shp,species,-1,-1,C:\Users\greta.vega\Documents\MIGUEL\SWEEP2017\Filtered occurences ectotherm animals 16 12 31 copy\august2017\selected_clip\Hemiergis peronii_MCP_Bz_Clip.shp,species,-1,-1,C:\Users\greta.vega\Documents\MIGUEL\SWEEP2017\Filtered occurences ectotherm animals 16 12 31 copy\august2017\selected_clip\Hemiergis quadrilineatum_MCP_Bz_Clip.shp,species,-1,-1,C:\Users\greta.vega\Documents\MIGUEL\SWEEP2017\Filtered occurences ectotherm animals 16 12 31 copy\august2017\selected_clip\Hemigrapsus nudu_MCP_Bz_Clip.shp,species,-1,-1,C:\Users\greta.vega\Documents\MIGUEL\SWEEP2017\Filtered occurences ectotherm animals 16 12 31 copy\august2017\selected_clip\Heteronotia binoei_MCP_Bz_Clip.shp,species,-1,-1,C:\Users\greta.vega\Documents\MIGUEL\SWEEP2017\Filtered occurences ectotherm animals 16 12 31 copy\august2017\selected_clip\Hoplodactylus maculatu_MCP_Bz_Clip.shp,species,-1,-1,C:\Users\greta.vega\Documents\MIGUEL\SWEEP2017\Filtered occurences ectotherm animals 16 12 31 copy\august2017\selected_clip\Hypomesus nipponensi_MCP_Bz_Clip.shp,species,-1,-1,C:\Users\greta.vega\Documents\MIGUEL\SWEEP2017\Filtered occurences ectotherm animals 16 12 31 copy\august2017\selected_clip\Iguana iguana_MCP_Bz_Clip.shp,species,-1,-1,C:\Users\greta.vega\Documents\MIGUEL\SWEEP2017\Filtered occurences ectotherm animals 16 12 31 copy\august2017\selected_clip\Ischnochiton australi_MCP_Bz_Clip.shp,species,-1,-1,C:\Users\greta.vega\Documents\MIGUEL\SWEEP2017\Filtered occurences ectotherm animals 16 12 31 copy\august2017\selected_clip\Lampropholis delicata_MCP_Bz_Clip.shp,species,-1,-1,C:\Users\greta.vega\Documents\MIGUEL\SWEEP2017\Filtered occurences ectotherm animals 16 12 31 copy\august2017\selected_clip\Lampropholis guichenoti_MCP_Bz_Clip.shp,species,-1,-1,C:\Users\greta.vega\Documents\MIGUEL\SWEEP2017\Filtered occurences ectotherm animals 16 12 31 copy\august2017\selected_clip\Laternula elliptica_MCP_Bz_Clip.shp,species,-1,-1,C:\Users\greta.vega\Documents\MIGUEL\SWEEP2017\Filtered occurences ectotherm animals 16 12 31 copy\august2017\selected_clip\Lepomis gibbosu_MCP_Bz_Clip.shp,species,-1,-1,C:\Users\greta.vega\Documents\MIGUEL\SWEEP2017\Filtered occurences ectotherm animals 16 12 31 copy\august2017\selected_clip\Lerista bougainvillii_MCP_Bz_Clip.shp,species,-1,-1,C:\Users\greta.vega\Documents\MIGUEL\SWEEP2017\Filtered occurences ectotherm animals 16 12 31 copy\august2017\selected_clip\Lerista frosti_MCP_Bz_Clip.shp,species,-1,-1,C:\Users\greta.vega\Documents\MIGUEL\SWEEP2017\Filtered occurences ectotherm animals 16 12 31 copy\august2017\selected_clip\Lerista neander_MCP_Bz_Clip.shp,species,-1,-1,C:\Users\greta.vega\Documents\MIGUEL\SWEEP2017\Filtered occurences ectotherm animals 16 12 31 copy\august2017\selected_clip\Lerista orientali_MCP_Bz_Clip.shp,species,-1,-1,C:\Users\greta.vega\Documents\MIGUEL\SWEEP2017\Filtered occurences ectotherm animals 16 12 31 copy\august2017\selected_clip\Limatula hodgsoni_MCP_Bz_Clip.shp,species,-1,-1,C:\Users\greta.vega\Documents\MIGUEL\SWEEP2017\Filtered occurences ectotherm animals 16 12 31 copy\august2017\selected_clip\Linepithema humile_MCP_Bz_Clip.shp,species,-1,-1,C:\Users\greta.vega\Documents\MIGUEL\SWEEP2017\Filtered occurences ectotherm animals 16 12 31 copy\august2017\selected_clip\Liocarcinus marmoreu_MCP_Bz_Clip.shp,species,-1,-1,C:\Users\greta.vega\Documents\MIGUEL\SWEEP2017\Filtered occurences ectotherm animals 16 12 31 copy\august2017\selected_clip\Liolaemus alticolor_MCP_Bz_Clip.shp,species,-1,-1,C:\Users\greta.vega\Documents\MIGUEL\SWEEP2017\Filtered occurences ectotherm animals 16 12 31 copy\august2017\selected_clip\Liolaemus altissimu_MCP_Bz_Clip.shp,species,-1,-1,C:\Users\greta.vega\Documents\MIGUEL\SWEEP2017\Filtered occurences ectotherm animals 16 12 31 copy\august2017\selected_clip\Liolaemus bibronii_MCP_Bz_Clip.shp,species,-1,-1,C:\Users\greta.vega\Documents\MIGUEL\SWEEP2017\Filtered occurences ectotherm animals 16 12 31 copy\august2017\selected_clip\Liolaemus bisignatu_MCP_Bz_Clip.shp,species,-1,-1,C:\Users\greta.vega\Documents\MIGUEL\SWEEP2017\Filtered occurences ectotherm animals 16 12 31 copy\august2017\selected_clip\Liolaemus boulengeri_MCP_Bz_Clip.shp,species,-1,-1,C:\Users\greta.vega\Documents\MIGUEL\SWEEP2017\Filtered occurences ectotherm animals 16 12 31 copy\august2017\selected_clip\Liolaemus chiliensi_MCP_Bz_Clip.shp,species,-1,-1,C:\Users\greta.vega\Documents\MIGUEL\SWEEP2017\Filtered occurences ectotherm animals 16 12 31 copy\august2017\selected_clip\Liolaemus cyanogaster_MCP_Bz_Clip.shp,species,-1,-1,C:\Users\greta.vega\Documents\MIGUEL\SWEEP2017\Filtered occurences ectotherm animals 16 12 31 copy\august2017\selected_clip\Liolaemus darwinii_MCP_Bz_Clip.shp,species,-1,-1,C:\Users\greta.vega\Documents\MIGUEL\SWEEP2017\Filtered occurences ectotherm animals 16 12 31 copy\august2017\selected_clip\Liolaemus elongatu_MCP_Bz_Clip.shp,species,-1,-1,C:\Users\greta.vega\Documents\MIGUEL\SWEEP2017\Filtered occurences ectotherm animals 16 12 31 copy\august2017\selected_clip\Liolaemus kingii_MCP_Bz_Clip.shp,species,-1,-1,C:\Users\greta.vega\Documents\MIGUEL\SWEEP2017\Filtered occurences ectotherm animals 16 12 31 copy\august2017\selected_clip\Liolaemus kriegi_MCP_Bz_Clip.shp,species,-1,-1,C:\Users\greta.vega\Documents\MIGUEL\SWEEP2017\Filtered occurences ectotherm animals 16 12 31 copy\august2017\selected_clip\Liolaemus laurenti_MCP_Bz_Clip.shp,species,-1,-1,C:\Users\greta.vega\Documents\MIGUEL\SWEEP2017\Filtered occurences ectotherm animals 16 12 31 copy\august2017\selected_clip\Liolaemus monticola_MCP_Bz_Clip.shp,species,-1,-1,C:\Users\greta.vega\Documents\MIGUEL\SWEEP2017\Filtered occurences ectotherm animals 16 12 31 copy\august2017\selected_clip\Liolaemus nigroviridi_MCP_Bz_Clip.shp,species,-1,-1,C:\Users\greta.vega\Documents\MIGUEL\SWEEP2017\Filtered occurences ectotherm animals 16 12 31 copy\august2017\selected_clip\Liolaemus pictu_MCP_Bz_Clip.shp,species,-1,-1,C:\Users\greta.vega\Documents\MIGUEL\SWEEP2017\Filtered occurences ectotherm animals 16 12 31 copy\august2017\selected_clip\Liolaemus poecilochromu_MCP_Bz_Clip.shp,species,-1,-1,C:\Users\greta.vega\Documents\MIGUEL\SWEEP2017\Filtered occurences ectotherm animals 16 12 31 copy\august2017\selected_clip\Liolaemus pseudolemniscatu_MCP_Bz_Clip.shp,species,-1,-1,C:\Users\greta.vega\Documents\MIGUEL\SWEEP2017\Filtered occurences ectotherm animals 16 12 31 copy\august2017\selected_clip\Liolaemus quilme_MCP_Bz_Clip.shp,species,-1,-1,C:\Users\greta.vega\Documents\MIGUEL\SWEEP2017\Filtered occurences ectotherm animals 16 12 31 copy\august2017\selected_clip\Liolaemus rothi_MCP_Bz_Clip.shp,species,-1,-1,C:\Users\greta.vega\Documents\MIGUEL\SWEEP2017\Filtered occurences ectotherm animals 16 12 31 copy\august2017\selected_clip\Liolaemus schroederi_MCP_Bz_Clip.shp,species,-1,-1,C:\Users\greta.vega\Documents\MIGUEL\SWEEP2017\Filtered occurences ectotherm animals 16 12 31 copy\august2017\selected_clip\Liolaemus tenui_MCP_Bz_Clip.shp,species,-1,-1,C:\Users\greta.vega\Documents\MIGUEL\SWEEP2017\Filtered occurences ectotherm animals 16 12 31 copy\august2017\selected_clip\Liothyrella neozelanica_MCP_Bz_Clip.shp,species,-1,-1,C:\Users\greta.vega\Documents\MIGUEL\SWEEP2017\Filtered occurences ectotherm animals 16 12 31 copy\august2017\selected_clip\Liothyrella uva_MCP_Bz_Clip.shp,species,-1,-1,C:\Users\greta.vega\Documents\MIGUEL\SWEEP2017\Filtered occurences ectotherm animals 16 12 31 copy\august2017\selected_clip\Littorina littorea_MCP_Bz_Clip.shp,species,-1,-1,C:\Users\greta.vega\Documents\MIGUEL\SWEEP2017\Filtered occurences ectotherm animals 16 12 31 copy\august2017\selected_clip\Littorina obtusata_MCP_Bz_Clip.shp,species,-1,-1,C:\Users\greta.vega\Documents\MIGUEL\SWEEP2017\Filtered occurences ectotherm animals 16 12 31 copy\august2017\selected_clip\Littorina saxatili_MCP_Bz_Clip.shp,species,-1,-1,C:\Users\greta.vega\Documents\MIGUEL\SWEEP2017\Filtered occurences ectotherm animals 16 12 31 copy\august2017\selected_clip\Lygisaurus foliorum_MCP_Bz_Clip.shp,species,-1,-1,C:\Users\greta.vega\Documents\MIGUEL\SWEEP2017\Filtered occurences ectotherm animals 16 12 31 copy\august2017\selected_clip\Macoma balthica_MCP_Bz_Clip.shp,species,-1,-1,C:\Users\greta.vega\Documents\MIGUEL\SWEEP2017\Filtered occurences ectotherm animals 16 12 31 copy\august2017\selected_clip\Margarites refulgens_MCP_Bz_Clip.shp,species,-1,-1,C:\Users\greta.vega\Documents\MIGUEL\SWEEP2017\Filtered occurences ectotherm animals 16 12 31 copy\august2017\selected_clip\Menidia menidia_MCP_Bz_Clip.shp,species,-1,-1,C:\Users\greta.vega\Documents\MIGUEL\SWEEP2017\Filtered occurences ectotherm animals 16 12 31 copy\august2017\selected_clip\Meroles suborbitalis_MCP_Bz_Clip.shp,species,-1,-1,C:\Users\greta.vega\Documents\MIGUEL\SWEEP2017\Filtered occurences ectotherm animals 16 12 31 copy\august2017\selected_clip\Metacarcinus magister_MCP_Bz_Clip.shp,species,-1,-1,C:\Users\greta.vega\Documents\MIGUEL\SWEEP2017\Filtered occurences ectotherm animals 16 12 31 copy\august2017\selected_clip\Moloch horridu_MCP_Bz_Clip.shp,species,-1,-1,C:\Users\greta.vega\Documents\MIGUEL\SWEEP2017\Filtered occurences ectotherm animals 16 12 31 copy\august2017\selected_clip\Morethia butleri_MCP_Bz_Clip.shp,species,-1,-1,C:\Users\greta.vega\Documents\MIGUEL\SWEEP2017\Filtered occurences ectotherm animals 16 12 31 copy\august2017\selected_clip\Morethia lineoocellata_MCP_Bz_Clip.shp,species,-1,-1,C:\Users\greta.vega\Documents\MIGUEL\SWEEP2017\Filtered occurences ectotherm animals 16 12 31 copy\august2017\selected_clip\Morethia obscura_MCP_Bz_Clip.shp,species,-1,-1,C:\Users\greta.vega\Documents\MIGUEL\SWEEP2017\Filtered occurences ectotherm animals 16 12 31 copy\august2017\selected_clip\Morethia taeniopleura_MCP_Bz_Clip.shp,species,-1,-1,C:\Users\greta.vega\Documents\MIGUEL\SWEEP2017\Filtered occurences ectotherm animals 16 12 31 copy\august2017\selected_clip\Mulinia laterali_MCP_Bz_Clip.shp,species,-1,-1,C:\Users\greta.vega\Documents\MIGUEL\SWEEP2017\Filtered occurences ectotherm animals 16 12 31 copy\august2017\selected_clip\Mya arenaria_MCP_Bz_Clip.shp,species,-1,-1,C:\Users\greta.vega\Documents\MIGUEL\SWEEP2017\Filtered occurences ectotherm animals 16 12 31 copy\august2017\selected_clip\Myrmecocystus mimicu_MCP_Bz_Clip.shp,species,-1,-1,C:\Users\greta.vega\Documents\MIGUEL\SWEEP2017\Filtered occurences ectotherm animals 16 12 31 copy\august2017\selected_clip\Mytilus eduli_MCP_Bz_Clip.shp,species,-1,-1,C:\Users\greta.vega\Documents\MIGUEL\SWEEP2017\Filtered occurences ectotherm animals 16 12 31 copy\august2017\selected_clip\Nacella concinna_MCP_Bz_Clip.shp,species,-1,-1,C:\Users\greta.vega\Documents\MIGUEL\SWEEP2017\Filtered occurences ectotherm animals 16 12 31 copy\august2017\selected_clip\Nannoscincus maccoyi_MCP_Bz_Clip.shp,species,-1,-1,C:\Users\greta.vega\Documents\MIGUEL\SWEEP2017\Filtered occurences ectotherm animals 16 12 31 copy\august2017\selected_clip\Niveoscincus coventryi_MCP_Bz_Clip.shp,species,-1,-1,C:\Users\greta.vega\Documents\MIGUEL\SWEEP2017\Filtered occurences ectotherm animals 16 12 31 copy\august2017\selected_clip\Niveoscincus metallicu_MCP_Bz_Clip.shp,species,-1,-1,C:\Users\greta.vega\Documents\MIGUEL\SWEEP2017\Filtered occurences ectotherm animals 16 12 31 copy\august2017\selected_clip\Niveoscincus ocellatu_MCP_Bz_Clip.shp,species,-1,-1,C:\Users\greta.vega\Documents\MIGUEL\SWEEP2017\Filtered occurences ectotherm animals 16 12 31 copy\august2017\selected_clip\Nucella lapillu_MCP_Bz_Clip.shp,species,-1,-1,C:\Users\greta.vega\Documents\MIGUEL\SWEEP2017\Filtered occurences ectotherm animals 16 12 31 copy\august2017\selected_clip\Oedothorax apicatu_MCP_Bz_Clip.shp,species,-1,-1,C:\Users\greta.vega\Documents\MIGUEL\SWEEP2017\Filtered occurences ectotherm animals 16 12 31 copy\august2017\selected_clip\Oncorhynchus tshawytscha_MCP_Bz_Clip.shp,species,-1,-1,C:\Users\greta.vega\Documents\MIGUEL\SWEEP2017\Filtered occurences ectotherm animals 16 12 31 copy\august2017\selected_clip\Onoba gelida_MCP_Bz_Clip.shp,species,-1,-1,C:\Users\greta.vega\Documents\MIGUEL\SWEEP2017\Filtered occurences ectotherm animals 16 12 31 copy\august2017\selected_clip\Ophionereis fasciata_MCP_Bz_Clip.shp,species,-1,-1,C:\Users\greta.vega\Documents\MIGUEL\SWEEP2017\Filtered occurences ectotherm animals 16 12 31 copy\august2017\selected_clip\Orchomenella pinguide_MCP_Bz_Clip.shp,species,-1,-1,C:\Users\greta.vega\Documents\MIGUEL\SWEEP2017\Filtered occurences ectotherm animals 16 12 31 copy\august2017\selected_clip\Pachycara brachycephalum_MCP_Bz_Clip.shp,species,-1,-1,C:\Users\greta.vega\Documents\MIGUEL\SWEEP2017\Filtered occurences ectotherm animals 16 12 31 copy\august2017\selected_clip\Pachygrapsus marmoratu_MCP_Bz_Clip.shp,species,-1,-1,C:\Users\greta.vega\Documents\MIGUEL\SWEEP2017\Filtered occurences ectotherm animals 16 12 31 copy\august2017\selected_clip\Paramoera walkeri_MCP_Bz_Clip.shp,species,-1,-1,C:\Users\greta.vega\Documents\MIGUEL\SWEEP2017\Filtered occurences ectotherm animals 16 12 31 copy\august2017\selected_clip\Pardosa nigriceps_MCP_Bz_Clip.shp,species,-1,-1,C:\Users\greta.vega\Documents\MIGUEL\SWEEP2017\Filtered occurences ectotherm animals 16 12 31 copy\august2017\selected_clip\Patiriella brevispina_MCP_Bz_Clip.shp,species,-1,-1,C:\Users\greta.vega\Documents\MIGUEL\SWEEP2017\Filtered occurences ectotherm animals 16 12 31 copy\august2017\selected_clip\Pedioplanis lineoocellata_MCP_Bz_Clip.shp,species,-1,-1,C:\Users\greta.vega\Documents\MIGUEL\SWEEP2017\Filtered occurences ectotherm animals 16 12 31 copy\august2017\selected_clip\Pegusa lascari_MCP_Bz_Clip.shp,species,-1,-1,C:\Users\greta.vega\Documents\MIGUEL\SWEEP2017\Filtered occurences ectotherm animals 16 12 31 copy\august2017\selected_clip\Periophthalmus kalolo_MCP_Bz_Clip.shp,species,-1,-1,C:\Users\greta.vega\Documents\MIGUEL\SWEEP2017\Filtered occurences ectotherm animals 16 12 31 copy\august2017\selected_clip\Petrolisthes gracili_MCP_Bz_Clip.shp,species,-1,-1,C:\Users\greta.vega\Documents\MIGUEL\SWEEP2017\Filtered occurences ectotherm animals 16 12 31 copy\august2017\selected_clip\Petrolisthes hirtipe_MCP_Bz_Clip.shp,species,-1,-1,C:\Users\greta.vega\Documents\MIGUEL\SWEEP2017\Filtered occurences ectotherm animals 16 12 31 copy\august2017\selected_clip\Philodromus aureolu_MCP_Bz_Clip.shp,species,-1,-1,C:\Users\greta.vega\Documents\MIGUEL\SWEEP2017\Filtered occurences ectotherm animals 16 12 31 copy\august2017\selected_clip\Phrurolithus festivu_MCP_Bz_Clip.shp,species,-1,-1,C:\Users\greta.vega\Documents\MIGUEL\SWEEP2017\Filtered occurences ectotherm animals 16 12 31 copy\august2017\selected_clip\Phymaturus tenebrosu_MCP_Bz_Clip.shp,species,-1,-1,C:\Users\greta.vega\Documents\MIGUEL\SWEEP2017\Filtered occurences ectotherm animals 16 12 31 copy\august2017\selected_clip\Phymaturus zapalensi_MCP_Bz_Clip.shp,species,-1,-1,C:\Users\greta.vega\Documents\MIGUEL\SWEEP2017\Filtered occurences ectotherm animals 16 12 31 copy\august2017\selected_clip\Pimephales promela_MCP_Bz_Clip.shp,species,-1,-1,C:\Users\greta.vega\Documents\MIGUEL\SWEEP2017\Filtered occurences ectotherm animals 16 12 31 copy\august2017\selected_clip\Poeciliopsis occidentali_MCP_Bz_Clip.shp,species,-1,-1,C:\Users\greta.vega\Documents\MIGUEL\SWEEP2017\Filtered occurences ectotherm animals 16 12 31 copy\august2017\selected_clip\Pogonomyrmex barbatu_MCP_Bz_Clip.shp,species,-1,-1,C:\Users\greta.vega\Documents\MIGUEL\SWEEP2017\Filtered occurences ectotherm animals 16 12 31 copy\august2017\selected_clip\Pogonomyrmex californicu_MCP_Bz_Clip.shp,species,-1,-1,C:\Users\greta.vega\Documents\MIGUEL\SWEEP2017\Filtered occurences ectotherm animals 16 12 31 copy\august2017\selected_clip\Pogonomyrmex rugosu_MCP_Bz_Clip.shp,species,-1,-1,C:\Users\greta.vega\Documents\MIGUEL\SWEEP2017\Filtered occurences ectotherm animals 16 12 31 copy\august2017\selected_clip\Prinerigone vagan_MCP_Bz_Clip.shp,species,-1,-1,C:\Users\greta.vega\Documents\MIGUEL\SWEEP2017\Filtered occurences ectotherm animals 16 12 31 copy\august2017\selected_clip\Proceratium silaceum_MCP_Bz_Clip.shp,species,-1,-1,C:\Users\greta.vega\Documents\MIGUEL\SWEEP2017\Filtered occurences ectotherm animals 16 12 31 copy\august2017\selected_clip\Prochilodus scrofa_MCP_Bz_Clip.shp,species,-1,-1,C:\Users\greta.vega\Documents\MIGUEL\SWEEP2017\Filtered occurences ectotherm animals 16 12 31 copy\august2017\selected_clip\Protothaca thaca_MCP_Bz_Clip.shp,species,-1,-1,C:\Users\greta.vega\Documents\MIGUEL\SWEEP2017\Filtered occurences ectotherm animals 16 12 31 copy\august2017\selected_clip\Pseudechinus huttoni_MCP_Bz_Clip.shp,species,-1,-1,C:\Users\greta.vega\Documents\MIGUEL\SWEEP2017\Filtered occurences ectotherm animals 16 12 31 copy\august2017\selected_clip\Pseudechis porphyriacu_MCP_Bz_Clip.shp,species,-1,-1,C:\Users\greta.vega\Documents\MIGUEL\SWEEP2017\Filtered occurences ectotherm animals 16 12 31 copy\august2017\selected_clip\Pseudemoia entrecasteauxii_MCP_Bz_Clip.shp,species,-1,-1,C:\Users\greta.vega\Documents\MIGUEL\SWEEP2017\Filtered occurences ectotherm animals 16 12 31 copy\august2017\selected_clip\Pseudemoia spenceri_MCP_Bz_Clip.shp,species,-1,-1,C:\Users\greta.vega\Documents\MIGUEL\SWEEP2017\Filtered occurences ectotherm animals 16 12 31 copy\august2017\selected_clip\Pseudocordylus melanotu_MCP_Bz_Clip.shp,species,-1,-1,C:\Users\greta.vega\Documents\MIGUEL\SWEEP2017\Filtered occurences ectotherm animals 16 12 31 copy\august2017\selected_clip\Pseudonaja nuchali_MCP_Bz_Clip.shp,species,-1,-1,C:\Users\greta.vega\Documents\MIGUEL\SWEEP2017\Filtered occurences ectotherm animals 16 12 31 copy\august2017\selected_clip\Ptenopus garrulu_MCP_Bz_Clip.shp,species,-1,-1,C:\Users\greta.vega\Documents\MIGUEL\SWEEP2017\Filtered occurences ectotherm animals 16 12 31 copy\august2017\selected_clip\Saiphos equali_MCP_Bz_Clip.shp,species,-1,-1,C:\Users\greta.vega\Documents\MIGUEL\SWEEP2017\Filtered occurences ectotherm animals 16 12 31 copy\august2017\selected_clip\Saproscincus basiliscu_MCP_Bz_Clip.shp,species,-1,-1,C:\Users\greta.vega\Documents\MIGUEL\SWEEP2017\Filtered occurences ectotherm animals 16 12 31 copy\august2017\selected_clip\Saproscincus mustelina_MCP_Bz_Clip.shp,species,-1,-1,C:\Users\greta.vega\Documents\MIGUEL\SWEEP2017\Filtered occurences ectotherm animals 16 12 31 copy\august2017\selected_clip\Saproscincus tetradactyla_MCP_Bz_Clip.shp,species,-1,-1,C:\Users\greta.vega\Documents\MIGUEL\SWEEP2017\Filtered occurences ectotherm animals 16 12 31 copy\august2017\selected_clip\Scotina gracilipe_MCP_Bz_Clip.shp,species,-1,-1,C:\Users\greta.vega\Documents\MIGUEL\SWEEP2017\Filtered occurences ectotherm animals 16 12 31 copy\august2017\selected_clip\Semele solida_MCP_Bz_Clip.shp,species,-1,-1,C:\Users\greta.vega\Documents\MIGUEL\SWEEP2017\Filtered occurences ectotherm animals 16 12 31 copy\august2017\selected_clip\Sphaerodactylus roosevelti_MCP_Bz_Clip.shp,species,-1,-1,C:\Users\greta.vega\Documents\MIGUEL\SWEEP2017\Filtered occurences ectotherm animals 16 12 31 copy\august2017\selected_clip\Sphenomorphus indicu_MCP_Bz_Clip.shp,species,-1,-1,C:\Users\greta.vega\Documents\MIGUEL\SWEEP2017\Filtered occurences ectotherm animals 16 12 31 copy\august2017\selected_clip\Spisula subtruncata_MCP_Bz_Clip.shp,species,-1,-1,C:\Users\greta.vega\Documents\MIGUEL\SWEEP2017\Filtered occurences ectotherm animals 16 12 31 copy\august2017\selected_clip\Stemonyphantes lineatu_MCP_Bz_Clip.shp,species,-1,-1,C:\Users\greta.vega\Documents\MIGUEL\SWEEP2017\Filtered occurences ectotherm animals 16 12 31 copy\august2017\selected_clip\Sterechinus neumayeri_MCP_Bz_Clip.shp,species,-1,-1,C:\Users\greta.vega\Documents\MIGUEL\SWEEP2017\Filtered occurences ectotherm animals 16 12 31 copy\august2017\selected_clip\Takydromus formosanu_MCP_Bz_Clip.shp,species,-1,-1,C:\Users\greta.vega\Documents\MIGUEL\SWEEP2017\Filtered occurences ectotherm animals 16 12 31 copy\august2017\selected_clip\Takydromus stejnegeri_MCP_Bz_Clip.shp,species,-1,-1,C:\Users\greta.vega\Documents\MIGUEL\SWEEP2017\Filtered occurences ectotherm animals 16 12 31 copy\august2017\selected_clip\Tellina tenui_MCP_Bz_Clip.shp,species,-1,-1,C:\Users\greta.vega\Documents\MIGUEL\SWEEP2017\Filtered occurences ectotherm animals 16 12 31 copy\august2017\selected_clip\Tetramorium caespitum_MCP_Bz_Clip.shp,species,-1,-1,C:\Users\greta.vega\Documents\MIGUEL\SWEEP2017\Filtered occurences ectotherm animals 16 12 31 copy\august2017\selected_clip\Thamnophis marcianu_MCP_Bz_Clip.shp,species,-1,-1,C:\Users\greta.vega\Documents\MIGUEL\SWEEP2017\Filtered occurences ectotherm animals 16 12 31 copy\august2017\selected_clip\Thamnophis melanogaster_MCP_Bz_Clip.shp,species,-1,-1,C:\Users\greta.vega\Documents\MIGUEL\SWEEP2017\Filtered occurences ectotherm animals 16 12 31 copy\august2017\selected_clip\Tiliqua nigrolutea_MCP_Bz_Clip.shp,species,-1,-1,C:\Users\greta.vega\Documents\MIGUEL\SWEEP2017\Filtered occurences ectotherm animals 16 12 31 copy\august2017\selected_clip\Tiliqua rugosa_MCP_Bz_Clip.shp,species,-1,-1,C:\Users\greta.vega\Documents\MIGUEL\SWEEP2017\Filtered occurences ectotherm animals 16 12 31 copy\august2017\selected_clip\Tiliqua scincoide_MCP_Bz_Clip.shp,species,-1,-1,C:\Users\greta.vega\Documents\MIGUEL\SWEEP2017\Filtered occurences ectotherm animals 16 12 31 copy\august2017\selected_clip\Trachylepis capensi_MCP_Bz_Clip.shp,species,-1,-1,C:\Users\greta.vega\Documents\MIGUEL\SWEEP2017\Filtered occurences ectotherm animals 16 12 31 copy\august2017\selected_clip\Trachymyrmex septentrionali_MCP_Bz_Clip.shp,species,-1,-1,C:\Users\greta.vega\Documents\MIGUEL\SWEEP2017\Filtered occurences ectotherm animals 16 12 31 copy\august2017\selected_clip\Trematomus bernacchii_MCP_Bz_Clip.shp,species,-1,-1,C:\Users\greta.vega\Documents\MIGUEL\SWEEP2017\Filtered occurences ectotherm animals 16 12 31 copy\august2017\selected_clip\Trematomus borchgrevinki_MCP_Bz_Clip.shp,species,-1,-1,C:\Users\greta.vega\Documents\MIGUEL\SWEEP2017\Filtered occurences ectotherm animals 16 12 31 copy\august2017\selected_clip\Trematomus hansoni_MCP_Bz_Clip.shp,species,-1,-1,C:\Users\greta.vega\Documents\MIGUEL\SWEEP2017\Filtered occurences ectotherm animals 16 12 31 copy\august2017\selected_clip\Tropidophorus queenslandiae_MCP_Bz_Clip.shp,species,-1,-1,C:\Users\greta.vega\Documents\MIGUEL\SWEEP2017\Filtered occurences ectotherm animals 16 12 31 copy\august2017\selected_clip\Uta stansburiana_MCP_Bz_Clip.shp,species,-1,-1,C:\Users\greta.vega\Documents\MIGUEL\SWEEP2017\Filtered occurences ectotherm animals 16 12 31 copy\august2017\selected_clip\Varanus gouldii_MCP_Bz_Clip.shp,species,-1,-1,C:\Users\greta.vega\Documents\MIGUEL\SWEEP2017\Filtered occurences ectotherm animals 16 12 31 copy\august2017\selected_clip\Varanus variu_MCP_Bz_Clip.shp,species,-1,-1,C:\Users\greta.vega\Documents\MIGUEL\SWEEP2017\Filtered occurences ectotherm animals 16 12 31 copy\august2017\selected_clip\Xantho incisu_MCP_Bz_Clip.shp,species,-1,-1,C:\Users\greta.vega\Documents\MIGUEL\SWEEP2017\Filtered occurences ectotherm animals 16 12 31 copy\august2017\selected_clip\Zoarces viviparu_MCP_Bz_Clip.shp,species,-1,-1"</Process><Process Name="Copy Features" ToolSource="c:\program files (x86)\arcgis\desktop10.2\ArcToolbox\Toolboxes\Data Management Tools.tbx\CopyFeatures" Date="20170810" Time="124335">CopyFeatures "I_Filtered occurences ectotherm animals_020817_species" "C:\Users\greta.vega\Documents\MIGUEL\trialEctotherm_10082017\Carpiodes cyprinus.shp" # 0 0 0</Process></lineage><itemProps><itemName Sync="TRUE">Carpiodes cyprinus</itemName><imsContentType Sync="TRUE">002</imsContentType><itemSize Sync="TRUE">0.000</itemSize><itemLocation><linkage Sync="TRUE">file://\\MO-DEP2-D217-04\C$\Users\greta.vega\Documents\MIGUEL\trialEctotherm_10082017\Carpiodes cyprinus.shp</linkage><protocol Sync="TRUE">Local Area Network</protocol></itemLocation></itemProps><coordRef><type Sync="TRUE">Geographic</type><geogcsn Sync="TRUE">GCS_WGS_1984</geogcsn><csUnits Sync="TRUE">Angular Unit: Degree (0.017453)</csUnits><peXml Sync="TRUE">&lt;GeographicCoordinateSystem xsi:type='typens:GeographicCoordinateSystem' xmlns:xsi='http://www.w3.org/2001/XMLSchema-instance' xmlns:xs='http://www.w3.org/2001/XMLSchema' xmlns:typens='http://www.esri.com/schemas/ArcGIS/10.1'&gt;&lt;WKT&gt;GEOGCS[&amp;quot;GCS_WGS_1984&amp;quot;,DATUM[&amp;quot;D_WGS_1984&amp;quot;,SPHEROID[&amp;quot;WGS_1984&amp;quot;,6378137.0,298.257223563]],PRIMEM[&amp;quot;Greenwich&amp;quot;,0.0],UNIT[&amp;quot;Degree&amp;quot;,0.0174532925199433],AUTHORITY[&amp;quot;EPSG&amp;quot;,4326]]&lt;/WKT&gt;&lt;XOrigin&gt;-400&lt;/XOrigin&gt;&lt;YOrigin&gt;-400&lt;/YOrigin&gt;&lt;XYScale&gt;11258999068426.238&lt;/XYScale&gt;&lt;ZOrigin&gt;-100000&lt;/ZOrigin&gt;&lt;ZScale&gt;10000&lt;/ZScale&gt;&lt;MOrigin&gt;-100000&lt;/MOrigin&gt;&lt;MScale&gt;10000&lt;/MScale&gt;&lt;XYTolerance&gt;8.983152841195215e-009&lt;/XYTolerance&gt;&lt;ZTolerance&gt;0.001&lt;/ZTolerance&gt;&lt;MTolerance&gt;0.001&lt;/MTolerance&gt;&lt;HighPrecision&gt;true&lt;/HighPrecision&gt;&lt;LeftLongitude&gt;-180&lt;/LeftLongitude&gt;&lt;WKID&gt;4326&lt;/WKID&gt;&lt;LatestWKID&gt;4326&lt;/LatestWKID&gt;&lt;/GeographicCoordinateSystem&gt;</peXml></coordRef><copyHistory><copy source="C:\Users\greta.vega\Documents\MIGUEL\SWEEP2017\Filtered occurences ectotherm animals 16 12 31 copy\Filtered occurences ectotherm animals_020817" dest="\\MO-DEP2-D217-04\C$\Users\greta.vega\Documents\MIGUEL\SWEEP2017\to send 020817\Filtered occurences ectotherm animals_020817" date="20170802" time="19042700"></copy></copyHistory></DataProperties><SyncDate>20170810</SyncDate><SyncTime>12433500</SyncTime><ModDate>20170810</ModDate><ModTime>12433500</ModTime><ArcGISstyle>FGDC CSDGM Metadata</ArcGISstyle></Esri><dataIdInfo><envirDesc Sync="TRUE">Microsoft Windows 7 Version 6.1 (Build 7601) Service Pack 1; Esri ArcGIS 10.2.2.3552</envirDesc><dataLang><languageCode value="spa" Sync="TRUE"></languageCode><countryCode value="ESP" Sync="TRUE"></countryCode></dataLang><idCitation><resTitle Sync="TRUE">Carpiodes cyprinus</resTitle><presForm><PresFormCd value="005" Sync="TRUE"></PresFormCd></presForm></idCitation><spatRpType><SpatRepTypCd value="001" Sync="TRUE"></SpatRepTypCd></spatRpType></dataIdInfo><mdLang><languageCode value="spa" Sync="TRUE"></languageCode><countryCode value="ESP" Sync="TRUE"></countryCode></mdLang><mdChar><CharSetCd value="004" Sync="TRUE"></CharSetCd></mdChar><distInfo><distFormat><formatName Sync="TRUE">Shapefile</formatName></distFormat><distTranOps><transSize Sync="TRUE">0.000</transSize></distTranOps></distInfo><mdHrLv><ScopeCd value="005" Sync="TRUE"></ScopeCd></mdHrLv><mdHrLvName Sync="TRUE">dataset</mdHrLvName><refSysInfo><RefSystem><refSysID><identCode code="4326" Sync="TRUE"></identCode><idCodeSpace Sync="TRUE">EPSG</idCodeSpace><idVersion Sync="TRUE">8.2.6</idVersion></refSysID></RefSystem></refSysInfo><spatRepInfo><VectSpatRep><geometObjs Name="Carpiodes cyprinus"><geoObjTyp><GeoObjTypCd value="002" Sync="TRUE"></GeoObjTypCd></geoObjTyp><geoObjCnt Sync="TRUE">0</geoObjCnt></geometObjs><topLvl><TopoLevCd value="001" Sync="TRUE"></TopoLevCd></topLvl></VectSpatRep></spatRepInfo><spdoinfo><ptvctinf><esriterm Name="Carpiodes cyprinus"><efeatyp Sync="TRUE">Simple</efeatyp><efeageom code="4" Sync="TRUE"></efeageom><esritopo Sync="TRUE">FALSE</esritopo><efeacnt Sync="TRUE">0</efeacnt><spindex Sync="TRUE">FALSE</spindex><linrefer Sync="TRUE">FALSE</linrefer></esriterm></ptvctinf></spdoinfo><eainfo><detailed Name="Carpiodes cyprinus"><enttyp><enttypl Sync="TRUE">Carpiodes cyprinus</enttypl><enttypt Sync="TRUE">Feature Class</enttypt><enttypc Sync="TRUE">0</enttypc></enttyp><attr><attrlabl Sync="TRUE">FID</attrlabl><attalias Sync="TRUE">FID</attalias><attrtype Sync="TRUE">OID</attrtype><attwidth Sync="TRUE">4</attwidth><atprecis Sync="TRUE">0</atprecis><attscale Sync="TRUE">0</attscale><attrdef Sync="TRUE">Internal feature number.</attrdef><attrdefs Sync="TRUE">Esri</attrdefs><attrdomv><udom Sync="TRUE">Sequential unique whole numbers that are automatically generated.</udom></attrdomv></attr><attr><attrlabl Sync="TRUE">Shape</attrlabl><attalias Sync="TRUE">Shape</attalias><attrtype Sync="TRUE">Geometry</attrtype><attwidth Sync="TRUE">0</attwidth><atprecis Sync="TRUE">0</atprecis><attscale Sync="TRUE">0</attscale><attrdef Sync="TRUE">Feature geometry.</attrdef><attrdefs Sync="TRUE">Esri</attrdefs><attrdomv><udom Sync="TRUE">Coordinates defining the features.</udom></attrdomv></attr><attr><attrlabl Sync="TRUE">species</attrlabl><attalias Sync="TRUE">species</attalias><attrtype Sync="TRUE">String</attrtype><attwidth Sync="TRUE">254</attwidth><atprecis Sync="TRUE">0</atprecis><attscale Sync="TRUE">0</attscale></attr></detailed></eainfo><mdDateSt Sync="TRUE">20170810</mdDateSt></metadata>
