<?xml version="1.0" encoding="UTF-8"?>
<metadata xml:lang="es"><Esri><CreaDate>20170802</CreaDate><CreaTime>19030700</CreaTime><ArcGISFormat>1.0</ArcGISFormat><ArcGISstyle>FGDC CSDGM Metadata</ArcGISstyle><SyncOnce>FALSE</SyncOnce><DataProperties><lineage><Process ToolSource="c:\program files (x86)\arcgis\desktop10.2\ArcToolbox\Toolboxes\Data Management Tools.tbx\CopyFeatures" Date="20170127" Time="122029">CopyFeatures "Acacia melanoxylon_Layer" "C:\Users\greta.vega\Documents\MIGUEL\SWEEP2017\Filtered occurrences plants 16 12 31 copy\Acacia melanoxylon.shp" # 0 0 0</Process><Process ToolSource="c:\program files (x86)\arcgis\desktop10.2\ArcToolbox\Toolboxes\Data Management Tools.tbx\MinimumBoundingGeometry" Date="20170127" Time="122030">MinimumBoundingGeometry "C:/Users/greta.vega/Documents/MIGUEL/SWEEP2017/Filtered occurrences plants 16 12 31 copy/Acacia melanoxylon.shp" "C:\Users\greta.vega\Documents\MIGUEL\SWEEP2017\Filtered occurrences plants 16 12 31 copy\Acacia melanoxylon_MCP.shp" CONVEX_HULL LIST species NO_MBG_FIELDS</Process><Process ToolSource="c:\program files (x86)\arcgis\desktop10.2\ArcToolbox\Toolboxes\Cartography Tools.tbx\SmoothPolygon" Date="20170127" Time="122031">SmoothPolygon "C:/Users/greta.vega/Documents/MIGUEL/SWEEP2017/Filtered occurrences plants 16 12 31 copy/Acacia melanoxylon_MCP.shp" "C:\Users\greta.vega\Documents\MIGUEL\SWEEP2017\Filtered occurrences plants 16 12 31 copy\Acacia melanoxylon_MCP_Bz.shp" BEZIER_INTERPOLATION "0 DecimalDegrees" FIXED_ENDPOINT NO_CHECK</Process><Process ToolSource="c:\program files (x86)\arcgis\desktop10.2\ArcToolbox\Toolboxes\Analysis Tools.tbx\Clip" Date="20170127" Time="122050">Clip "C:/Users/greta.vega/Documents/MIGUEL/SWEEP2017/Filtered occurrences plants 16 12 31 copy/Acacia melanoxylon_MCP_Bz.shp" C:/Users/greta.vega/Documents/collembola/basemaps/SIS_Regions_Lvl1/SIS_World_Diss.shp "C:\Users\greta.vega\Documents\MIGUEL\SWEEP2017\Filtered occurrences plants 16 12 31 copy\Acacia melanoxylon_MCP_Bz_Clip.shp" #</Process><Process ToolSource="c:\program files (x86)\arcgis\desktop10.2\ArcToolbox\Toolboxes\Data Management Tools.tbx\AddField" Date="20170127" Time="122050">AddField "C:/Users/greta.vega/Documents/MIGUEL/SWEEP2017/Filtered occurrences plants 16 12 31 copy/Acacia melanoxylon_MCP_Bz_Clip.shp" Area_m2 DOUBLE # # # # NULLABLE NON_REQUIRED #</Process><Process ToolSource="c:\program files (x86)\arcgis\desktop10.2\ArcToolbox\Toolboxes\Data Management Tools.tbx\CalculateField" Date="20170127" Time="122051">CalculateField "C:/Users/greta.vega/Documents/MIGUEL/SWEEP2017/Filtered occurrences plants 16 12 31 copy/Acacia melanoxylon_MCP_Bz_Clip.shp" Area_m2 !shape.area@squaremeters! PYTHON_9.3 #</Process><Process ToolSource="c:\program files (x86)\arcgis\desktop10.2\ArcToolbox\Toolboxes\Data Management Tools.tbx\Merge" Date="20170802" Time="161254">Merge 'C:\Users\greta.vega\Documents\MIGUEL\SWEEP2017\Filtered occurrences plants 16 12 31 copy\terrestrial_clip\Acacia melanoxylon_MCP_Bz_Clip.shp';'C:\Users\greta.vega\Documents\MIGUEL\SWEEP2017\Filtered occurrences plants 16 12 31 copy\terrestrial_clip\Acca sellowiana_MCP_Bz_Clip.shp';'C:\Users\greta.vega\Documents\MIGUEL\SWEEP2017\Filtered occurrences plants 16 12 31 copy\terrestrial_clip\Acer saccharum_MCP_Bz_Clip.shp';'C:\Users\greta.vega\Documents\MIGUEL\SWEEP2017\Filtered occurrences plants 16 12 31 copy\terrestrial_clip\Aciphylla hectori_MCP_Bz_Clip.shp';'C:\Users\greta.vega\Documents\MIGUEL\SWEEP2017\Filtered occurrences plants 16 12 31 copy\terrestrial_clip\Ackama rosifolia_MCP_Bz_Clip.shp';'C:\Users\greta.vega\Documents\MIGUEL\SWEEP2017\Filtered occurrences plants 16 12 31 copy\terrestrial_clip\Acmadenia heterophylla_MCP_Bz_Clip.shp';'C:\Users\greta.vega\Documents\MIGUEL\SWEEP2017\Filtered occurrences plants 16 12 31 copy\terrestrial_clip\Acmena smithii_MCP_Bz_Clip.shp';'C:\Users\greta.vega\Documents\MIGUEL\SWEEP2017\Filtered occurrences plants 16 12 31 copy\terrestrial_clip\Acradenia frankliniae_MCP_Bz_Clip.shp';'C:\Users\greta.vega\Documents\MIGUEL\SWEEP2017\Filtered occurrences plants 16 12 31 copy\terrestrial_clip\Adenandra uniflora_MCP_Bz_Clip.shp';'C:\Users\greta.vega\Documents\MIGUEL\SWEEP2017\Filtered occurrences plants 16 12 31 copy\terrestrial_clip\Adenostoma fasciculatum_MCP_Bz_Clip.shp';'C:\Users\greta.vega\Documents\MIGUEL\SWEEP2017\Filtered occurrences plants 16 12 31 copy\terrestrial_clip\Alyxia buxifolia_MCP_Bz_Clip.shp';'C:\Users\greta.vega\Documents\MIGUEL\SWEEP2017\Filtered occurrences plants 16 12 31 copy\terrestrial_clip\Anagyris foetida_MCP_Bz_Clip.shp';'C:\Users\greta.vega\Documents\MIGUEL\SWEEP2017\Filtered occurrences plants 16 12 31 copy\terrestrial_clip\Anisotome imbricata_MCP_Bz_Clip.shp';'C:\Users\greta.vega\Documents\MIGUEL\SWEEP2017\Filtered occurrences plants 16 12 31 copy\terrestrial_clip\Anopterus glandulosu_MCP_Bz_Clip.shp';'C:\Users\greta.vega\Documents\MIGUEL\SWEEP2017\Filtered occurrences plants 16 12 31 copy\terrestrial_clip\Argyrotegium mackayi_MCP_Bz_Clip.shp';'C:\Users\greta.vega\Documents\MIGUEL\SWEEP2017\Filtered occurrences plants 16 12 31 copy\terrestrial_clip\Artemisia californica_MCP_Bz_Clip.shp';'C:\Users\greta.vega\Documents\MIGUEL\SWEEP2017\Filtered occurrences plants 16 12 31 copy\terrestrial_clip\Astartea fasciculari_MCP_Bz_Clip.shp';'C:\Users\greta.vega\Documents\MIGUEL\SWEEP2017\Filtered occurrences plants 16 12 31 copy\terrestrial_clip\Athrotaxis cupressoide_MCP_Bz_Clip.shp';'C:\Users\greta.vega\Documents\MIGUEL\SWEEP2017\Filtered occurrences plants 16 12 31 copy\terrestrial_clip\Atriplex hymenelytra_MCP_Bz_Clip.shp';'C:\Users\greta.vega\Documents\MIGUEL\SWEEP2017\Filtered occurrences plants 16 12 31 copy\terrestrial_clip\Azara integrifolia_MCP_Bz_Clip.shp';'C:\Users\greta.vega\Documents\MIGUEL\SWEEP2017\Filtered occurrences plants 16 12 31 copy\terrestrial_clip\Azara microphylla_MCP_Bz_Clip.shp';'C:\Users\greta.vega\Documents\MIGUEL\SWEEP2017\Filtered occurrences plants 16 12 31 copy\terrestrial_clip\Baccharis pilulari_MCP_Bz_Clip.shp';'C:\Users\greta.vega\Documents\MIGUEL\SWEEP2017\Filtered occurrences plants 16 12 31 copy\terrestrial_clip\Banksia aemula_MCP_Bz_Clip.shp';'C:\Users\greta.vega\Documents\MIGUEL\SWEEP2017\Filtered occurrences plants 16 12 31 copy\terrestrial_clip\Banksia marginata_MCP_Bz_Clip.shp';'C:\Users\greta.vega\Documents\MIGUEL\SWEEP2017\Filtered occurrences plants 16 12 31 copy\terrestrial_clip\Bauera rubioide_MCP_Bz_Clip.shp';'C:\Users\greta.vega\Documents\MIGUEL\SWEEP2017\Filtered occurrences plants 16 12 31 copy\terrestrial_clip\Berberis empetrifolia_MCP_Bz_Clip.shp';'C:\Users\greta.vega\Documents\MIGUEL\SWEEP2017\Filtered occurrences plants 16 12 31 copy\terrestrial_clip\Berberis lutea_MCP_Bz_Clip.shp';'C:\Users\greta.vega\Documents\MIGUEL\SWEEP2017\Filtered occurrences plants 16 12 31 copy\terrestrial_clip\Blechnum penna-marina_MCP_Bz_Clip.shp';'C:\Users\greta.vega\Documents\MIGUEL\SWEEP2017\Filtered occurrences plants 16 12 31 copy\terrestrial_clip\Brodoa intestiniformi_MCP_Bz_Clip.shp';'C:\Users\greta.vega\Documents\MIGUEL\SWEEP2017\Filtered occurrences plants 16 12 31 copy\terrestrial_clip\Bromus ruben_MCP_Bz_Clip.shp';'C:\Users\greta.vega\Documents\MIGUEL\SWEEP2017\Filtered occurrences plants 16 12 31 copy\terrestrial_clip\Bromus tectorum_MCP_Bz_Clip.shp';'C:\Users\greta.vega\Documents\MIGUEL\SWEEP2017\Filtered occurrences plants 16 12 31 copy\terrestrial_clip\Bursaria spinosa_MCP_Bz_Clip.shp';'C:\Users\greta.vega\Documents\MIGUEL\SWEEP2017\Filtered occurrences plants 16 12 31 copy\terrestrial_clip\Caloplaca ferruginea_MCP_Bz_Clip.shp';'C:\Users\greta.vega\Documents\MIGUEL\SWEEP2017\Filtered occurrences plants 16 12 31 copy\terrestrial_clip\Caltha obtusa_MCP_Bz_Clip.shp';'C:\Users\greta.vega\Documents\MIGUEL\SWEEP2017\Filtered occurrences plants 16 12 31 copy\terrestrial_clip\Callicoma serratifolia_MCP_Bz_Clip.shp';'C:\Users\greta.vega\Documents\MIGUEL\SWEEP2017\Filtered occurrences plants 16 12 31 copy\terrestrial_clip\Callistemon viridifloru_MCP_Bz_Clip.shp';'C:\Users\greta.vega\Documents\MIGUEL\SWEEP2017\Filtered occurrences plants 16 12 31 copy\terrestrial_clip\Callitris endlicheri_MCP_Bz_Clip.shp';'C:\Users\greta.vega\Documents\MIGUEL\SWEEP2017\Filtered occurrences plants 16 12 31 copy\terrestrial_clip\Cantua buxifolia_MCP_Bz_Clip.shp';'C:\Users\greta.vega\Documents\MIGUEL\SWEEP2017\Filtered occurrences plants 16 12 31 copy\terrestrial_clip\Castanea dentata_MCP_Bz_Clip.shp';'C:\Users\greta.vega\Documents\MIGUEL\SWEEP2017\Filtered occurrences plants 16 12 31 copy\terrestrial_clip\Ceanothus cuneatu_MCP_Bz_Clip.shp';'C:\Users\greta.vega\Documents\MIGUEL\SWEEP2017\Filtered occurrences plants 16 12 31 copy\terrestrial_clip\Ceanothus oliganthu_MCP_Bz_Clip.shp';'C:\Users\greta.vega\Documents\MIGUEL\SWEEP2017\Filtered occurrences plants 16 12 31 copy\terrestrial_clip\Cedrus atlantica_MCP_Bz_Clip.shp';'C:\Users\greta.vega\Documents\MIGUEL\SWEEP2017\Filtered occurrences plants 16 12 31 copy\terrestrial_clip\Celmisia argentea_MCP_Bz_Clip.shp';'C:\Users\greta.vega\Documents\MIGUEL\SWEEP2017\Filtered occurrences plants 16 12 31 copy\terrestrial_clip\Celmisia haastii_MCP_Bz_Clip.shp';'C:\Users\greta.vega\Documents\MIGUEL\SWEEP2017\Filtered occurrences plants 16 12 31 copy\terrestrial_clip\Celmisia viscosa_MCP_Bz_Clip.shp';'C:\Users\greta.vega\Documents\MIGUEL\SWEEP2017\Filtered occurrences plants 16 12 31 copy\terrestrial_clip\Cercocarpus betuloide_MCP_Bz_Clip.shp';'C:\Users\greta.vega\Documents\MIGUEL\SWEEP2017\Filtered occurrences plants 16 12 31 copy\terrestrial_clip\Coprosma lucida_MCP_Bz_Clip.shp';'C:\Users\greta.vega\Documents\MIGUEL\SWEEP2017\Filtered occurrences plants 16 12 31 copy\terrestrial_clip\Coprosma perpusilla_MCP_Bz_Clip.shp';'C:\Users\greta.vega\Documents\MIGUEL\SWEEP2017\Filtered occurrences plants 16 12 31 copy\terrestrial_clip\Coprosma repen_MCP_Bz_Clip.shp';'C:\Users\greta.vega\Documents\MIGUEL\SWEEP2017\Filtered occurrences plants 16 12 31 copy\terrestrial_clip\Correa decumben_MCP_Bz_Clip.shp';'C:\Users\greta.vega\Documents\MIGUEL\SWEEP2017\Filtered occurrences plants 16 12 31 copy\terrestrial_clip\Crinodendron hookerianum_MCP_Bz_Clip.shp';'C:\Users\greta.vega\Documents\MIGUEL\SWEEP2017\Filtered occurrences plants 16 12 31 copy\terrestrial_clip\Cunonia capensi_MCP_Bz_Clip.shp';'C:\Users\greta.vega\Documents\MIGUEL\SWEEP2017\Filtered occurrences plants 16 12 31 copy\terrestrial_clip\Cupressus semperviren_MCP_Bz_Clip.shp';'C:\Users\greta.vega\Documents\MIGUEL\SWEEP2017\Filtered occurrences plants 16 12 31 copy\terrestrial_clip\Cussonia paniculata_MCP_Bz_Clip.shp';'C:\Users\greta.vega\Documents\MIGUEL\SWEEP2017\Filtered occurrences plants 16 12 31 copy\terrestrial_clip\Dais cotinifolia_MCP_Bz_Clip.shp';'C:\Users\greta.vega\Documents\MIGUEL\SWEEP2017\Filtered occurrences plants 16 12 31 copy\terrestrial_clip\Desfontainia spinosa_MCP_Bz_Clip.shp';'C:\Users\greta.vega\Documents\MIGUEL\SWEEP2017\Filtered occurrences plants 16 12 31 copy\terrestrial_clip\Dirca occidentali_MCP_Bz_Clip.shp';'C:\Users\greta.vega\Documents\MIGUEL\SWEEP2017\Filtered occurrences plants 16 12 31 copy\terrestrial_clip\Drimys winteri_MCP_Bz_Clip.shp';'C:\Users\greta.vega\Documents\MIGUEL\SWEEP2017\Filtered occurrences plants 16 12 31 copy\terrestrial_clip\Elaeocarpus reticulatu_MCP_Bz_Clip.shp';'C:\Users\greta.vega\Documents\MIGUEL\SWEEP2017\Filtered occurrences plants 16 12 31 copy\terrestrial_clip\Elegia capensi_MCP_Bz_Clip.shp';'C:\Users\greta.vega\Documents\MIGUEL\SWEEP2017\Filtered occurrences plants 16 12 31 copy\terrestrial_clip\Embothrium coccineum_MCP_Bz_Clip.shp';'C:\Users\greta.vega\Documents\MIGUEL\SWEEP2017\Filtered occurrences plants 16 12 31 copy\terrestrial_clip\Encelia californica_MCP_Bz_Clip.shp';'C:\Users\greta.vega\Documents\MIGUEL\SWEEP2017\Filtered occurrences plants 16 12 31 copy\terrestrial_clip\Encelia farinosa_MCP_Bz_Clip.shp';'C:\Users\greta.vega\Documents\MIGUEL\SWEEP2017\Filtered occurrences plants 16 12 31 copy\terrestrial_clip\Erica cerinthoide_MCP_Bz_Clip.shp';'C:\Users\greta.vega\Documents\MIGUEL\SWEEP2017\Filtered occurrences plants 16 12 31 copy\terrestrial_clip\Erica cruenta_MCP_Bz_Clip.shp';'C:\Users\greta.vega\Documents\MIGUEL\SWEEP2017\Filtered occurrences plants 16 12 31 copy\terrestrial_clip\Erica hirtiflora_MCP_Bz_Clip.shp';'C:\Users\greta.vega\Documents\MIGUEL\SWEEP2017\Filtered occurrences plants 16 12 31 copy\terrestrial_clip\Erica melanthera_MCP_Bz_Clip.shp';'C:\Users\greta.vega\Documents\MIGUEL\SWEEP2017\Filtered occurrences plants 16 12 31 copy\terrestrial_clip\Eriodictyon californicum_MCP_Bz_Clip.shp';'C:\Users\greta.vega\Documents\MIGUEL\SWEEP2017\Filtered occurrences plants 16 12 31 copy\terrestrial_clip\Eriogonum fasciculatum_MCP_Bz_Clip.shp';'C:\Users\greta.vega\Documents\MIGUEL\SWEEP2017\Filtered occurrences plants 16 12 31 copy\terrestrial_clip\Eriogonum latifolium_MCP_Bz_Clip.shp';'C:\Users\greta.vega\Documents\MIGUEL\SWEEP2017\Filtered occurrences plants 16 12 31 copy\terrestrial_clip\Eucryphia cordifolia_MCP_Bz_Clip.shp';'C:\Users\greta.vega\Documents\MIGUEL\SWEEP2017\Filtered occurrences plants 16 12 31 copy\terrestrial_clip\Eucryphia lucida_MCP_Bz_Clip.shp';'C:\Users\greta.vega\Documents\MIGUEL\SWEEP2017\Filtered occurrences plants 16 12 31 copy\terrestrial_clip\Euryops pectinatu_MCP_Bz_Clip.shp';'C:\Users\greta.vega\Documents\MIGUEL\SWEEP2017\Filtered occurrences plants 16 12 31 copy\terrestrial_clip\Euryops virgineu_MCP_Bz_Clip.shp';'C:\Users\greta.vega\Documents\MIGUEL\SWEEP2017\Filtered occurrences plants 16 12 31 copy\terrestrial_clip\Felicia amelloide_MCP_Bz_Clip.shp';'C:\Users\greta.vega\Documents\MIGUEL\SWEEP2017\Filtered occurrences plants 16 12 31 copy\terrestrial_clip\Gentiana divisa_MCP_Bz_Clip.shp';'C:\Users\greta.vega\Documents\MIGUEL\SWEEP2017\Filtered occurrences plants 16 12 31 copy\terrestrial_clip\Geranium robertianum_MCP_Bz_Clip.shp';'C:\Users\greta.vega\Documents\MIGUEL\SWEEP2017\Filtered occurrences plants 16 12 31 copy\terrestrial_clip\Grevillea rosmarinifolia_MCP_Bz_Clip.shp';'C:\Users\greta.vega\Documents\MIGUEL\SWEEP2017\Filtered occurrences plants 16 12 31 copy\terrestrial_clip\Grevillea speciosa_MCP_Bz_Clip.shp';'C:\Users\greta.vega\Documents\MIGUEL\SWEEP2017\Filtered occurrences plants 16 12 31 copy\terrestrial_clip\Greyia sutherlandii_MCP_Bz_Clip.shp';'C:\Users\greta.vega\Documents\MIGUEL\SWEEP2017\Filtered occurrences plants 16 12 31 copy\terrestrial_clip\Griselinia littorali_MCP_Bz_Clip.shp';'C:\Users\greta.vega\Documents\MIGUEL\SWEEP2017\Filtered occurrences plants 16 12 31 copy\terrestrial_clip\Griselinia racemosa_MCP_Bz_Clip.shp';'C:\Users\greta.vega\Documents\MIGUEL\SWEEP2017\Filtered occurrences plants 16 12 31 copy\terrestrial_clip\Hakea salicifolia_MCP_Bz_Clip.shp';'C:\Users\greta.vega\Documents\MIGUEL\SWEEP2017\Filtered occurrences plants 16 12 31 copy\terrestrial_clip\Halocarpus biformi_MCP_Bz_Clip.shp';'C:\Users\greta.vega\Documents\MIGUEL\SWEEP2017\Filtered occurrences plants 16 12 31 copy\terrestrial_clip\Hazardia squarrosa_MCP_Bz_Clip.shp';'C:\Users\greta.vega\Documents\MIGUEL\SWEEP2017\Filtered occurrences plants 16 12 31 copy\terrestrial_clip\Hebe odora_MCP_Bz_Clip.shp';'C:\Users\greta.vega\Documents\MIGUEL\SWEEP2017\Filtered occurrences plants 16 12 31 copy\terrestrial_clip\Hectorella caespitosa_MCP_Bz_Clip.shp';'C:\Users\greta.vega\Documents\MIGUEL\SWEEP2017\Filtered occurrences plants 16 12 31 copy\terrestrial_clip\Helichrysum petiolare_MCP_Bz_Clip.shp';'C:\Users\greta.vega\Documents\MIGUEL\SWEEP2017\Filtered occurrences plants 16 12 31 copy\terrestrial_clip\Helleborus foetidu_MCP_Bz_Clip.shp';'C:\Users\greta.vega\Documents\MIGUEL\SWEEP2017\Filtered occurrences plants 16 12 31 copy\terrestrial_clip\Heteromeles arbutifolia_MCP_Bz_Clip.shp';'C:\Users\greta.vega\Documents\MIGUEL\SWEEP2017\Filtered occurrences plants 16 12 31 copy\terrestrial_clip\Isocoma acradenia_MCP_Bz_Clip.shp';'C:\Users\greta.vega\Documents\MIGUEL\SWEEP2017\Filtered occurrences plants 16 12 31 copy\terrestrial_clip\Isocoma menziesii_MCP_Bz_Clip.shp';'C:\Users\greta.vega\Documents\MIGUEL\SWEEP2017\Filtered occurrences plants 16 12 31 copy\terrestrial_clip\Larrea tridentata_MCP_Bz_Clip.shp';'C:\Users\greta.vega\Documents\MIGUEL\SWEEP2017\Filtered occurrences plants 16 12 31 copy\terrestrial_clip\Lepechinia calycina_MCP_Bz_Clip.shp';'C:\Users\greta.vega\Documents\MIGUEL\SWEEP2017\Filtered occurrences plants 16 12 31 copy\terrestrial_clip\Letharia vulpina_MCP_Bz_Clip.shp';'C:\Users\greta.vega\Documents\MIGUEL\SWEEP2017\Filtered occurrences plants 16 12 31 copy\terrestrial_clip\Leucadendron argenteum_MCP_Bz_Clip.shp';'C:\Users\greta.vega\Documents\MIGUEL\SWEEP2017\Filtered occurrences plants 16 12 31 copy\terrestrial_clip\Libocedrus bidwillii_MCP_Bz_Clip.shp';'C:\Users\greta.vega\Documents\MIGUEL\SWEEP2017\Filtered occurrences plants 16 12 31 copy\terrestrial_clip\Lomatia tinctoria_MCP_Bz_Clip.shp';'C:\Users\greta.vega\Documents\MIGUEL\SWEEP2017\Filtered occurrences plants 16 12 31 copy\terrestrial_clip\Lonicera hispidula_MCP_Bz_Clip.shp';'C:\Users\greta.vega\Documents\MIGUEL\SWEEP2017\Filtered occurrences plants 16 12 31 copy\terrestrial_clip\Lophomyrtus bullata_MCP_Bz_Clip.shp';'C:\Users\greta.vega\Documents\MIGUEL\SWEEP2017\Filtered occurrences plants 16 12 31 copy\terrestrial_clip\Luma apiculata_MCP_Bz_Clip.shp';'C:\Users\greta.vega\Documents\MIGUEL\SWEEP2017\Filtered occurrences plants 16 12 31 copy\terrestrial_clip\Lycopodium fastigiatum_MCP_Bz_Clip.shp';'C:\Users\greta.vega\Documents\MIGUEL\SWEEP2017\Filtered occurrences plants 16 12 31 copy\terrestrial_clip\Mackaya bella_MCP_Bz_Clip.shp';'C:\Users\greta.vega\Documents\MIGUEL\SWEEP2017\Filtered occurrences plants 16 12 31 copy\terrestrial_clip\Marah fabaceu_MCP_Bz_Clip.shp';'C:\Users\greta.vega\Documents\MIGUEL\SWEEP2017\Filtered occurrences plants 16 12 31 copy\terrestrial_clip\Metrosideros robusta_MCP_Bz_Clip.shp';'C:\Users\greta.vega\Documents\MIGUEL\SWEEP2017\Filtered occurrences plants 16 12 31 copy\terrestrial_clip\Metrosideros umbellata_MCP_Bz_Clip.shp';'C:\Users\greta.vega\Documents\MIGUEL\SWEEP2017\Filtered occurrences plants 16 12 31 copy\terrestrial_clip\Mimulus aurantiacu_MCP_Bz_Clip.shp';'C:\Users\greta.vega\Documents\MIGUEL\SWEEP2017\Filtered occurrences plants 16 12 31 copy\terrestrial_clip\Mitraria coccinea_MCP_Bz_Clip.shp';'C:\Users\greta.vega\Documents\MIGUEL\SWEEP2017\Filtered occurrences plants 16 12 31 copy\terrestrial_clip\Myrceugenia correifolia_MCP_Bz_Clip.shp';'C:\Users\greta.vega\Documents\MIGUEL\SWEEP2017\Filtered occurrences plants 16 12 31 copy\terrestrial_clip\Myrceugenia chrysocarpa_MCP_Bz_Clip.shp';'C:\Users\greta.vega\Documents\MIGUEL\SWEEP2017\Filtered occurrences plants 16 12 31 copy\terrestrial_clip\Myrceugenia exsucca_MCP_Bz_Clip.shp';'C:\Users\greta.vega\Documents\MIGUEL\SWEEP2017\Filtered occurrences plants 16 12 31 copy\terrestrial_clip\Myrceugenia lanceolata_MCP_Bz_Clip.shp';'C:\Users\greta.vega\Documents\MIGUEL\SWEEP2017\Filtered occurrences plants 16 12 31 copy\terrestrial_clip\Myrceugenia obtusa_MCP_Bz_Clip.shp';'C:\Users\greta.vega\Documents\MIGUEL\SWEEP2017\Filtered occurrences plants 16 12 31 copy\terrestrial_clip\Myrceugenia ovata_var_nannophylla_MCP_Bz_Clip.shp';'C:\Users\greta.vega\Documents\MIGUEL\SWEEP2017\Filtered occurrences plants 16 12 31 copy\terrestrial_clip\Myrceugenia parvifolia_MCP_Bz_Clip.shp';'C:\Users\greta.vega\Documents\MIGUEL\SWEEP2017\Filtered occurrences plants 16 12 31 copy\terrestrial_clip\Myrceugenia pinifolia_MCP_Bz_Clip.shp';'C:\Users\greta.vega\Documents\MIGUEL\SWEEP2017\Filtered occurrences plants 16 12 31 copy\terrestrial_clip\Myrceugenia planipe_MCP_Bz_Clip.shp';'C:\Users\greta.vega\Documents\MIGUEL\SWEEP2017\Filtered occurrences plants 16 12 31 copy\terrestrial_clip\Myrceugenia rufa_MCP_Bz_Clip.shp';'C:\Users\greta.vega\Documents\MIGUEL\SWEEP2017\Filtered occurrences plants 16 12 31 copy\terrestrial_clip\Myrsine africana_MCP_Bz_Clip.shp';'C:\Users\greta.vega\Documents\MIGUEL\SWEEP2017\Filtered occurrences plants 16 12 31 copy\terrestrial_clip\Myrsine australi_MCP_Bz_Clip.shp';'C:\Users\greta.vega\Documents\MIGUEL\SWEEP2017\Filtered occurrences plants 16 12 31 copy\terrestrial_clip\Myrsine salicina_MCP_Bz_Clip.shp';'C:\Users\greta.vega\Documents\MIGUEL\SWEEP2017\Filtered occurrences plants 16 12 31 copy\terrestrial_clip\Nestegis cunninghamii_MCP_Bz_Clip.shp';'C:\Users\greta.vega\Documents\MIGUEL\SWEEP2017\Filtered occurrences plants 16 12 31 copy\terrestrial_clip\Nothofagus cunninghamii_MCP_Bz_Clip.shp';'C:\Users\greta.vega\Documents\MIGUEL\SWEEP2017\Filtered occurrences plants 16 12 31 copy\terrestrial_clip\Nothofagus dombeyi_MCP_Bz_Clip.shp';'C:\Users\greta.vega\Documents\MIGUEL\SWEEP2017\Filtered occurrences plants 16 12 31 copy\terrestrial_clip\Nothofagus fusca_MCP_Bz_Clip.shp';'C:\Users\greta.vega\Documents\MIGUEL\SWEEP2017\Filtered occurrences plants 16 12 31 copy\terrestrial_clip\Phoenix canariensi_MCP_Bz_Clip.shp';'C:\Users\greta.vega\Documents\MIGUEL\SWEEP2017\Filtered occurrences plants 16 12 31 copy\terrestrial_clip\Phygelius aequali_MCP_Bz_Clip.shp';'C:\Users\greta.vega\Documents\MIGUEL\SWEEP2017\Filtered occurrences plants 16 12 31 copy\terrestrial_clip\Phygelius capensi_MCP_Bz_Clip.shp';'C:\Users\greta.vega\Documents\MIGUEL\SWEEP2017\Filtered occurrences plants 16 12 31 copy\terrestrial_clip\Phyllachne colensoi_MCP_Bz_Clip.shp';'C:\Users\greta.vega\Documents\MIGUEL\SWEEP2017\Filtered occurrences plants 16 12 31 copy\terrestrial_clip\Phyllocladus alpinu_MCP_Bz_Clip.shp';'C:\Users\greta.vega\Documents\MIGUEL\SWEEP2017\Filtered occurrences plants 16 12 31 copy\terrestrial_clip\Phyllocladus aspleniifoliu_MCP_Bz_Clip.shp';'C:\Users\greta.vega\Documents\MIGUEL\SWEEP2017\Filtered occurrences plants 16 12 31 copy\terrestrial_clip\Pinus contorta_MCP_Bz_Clip.shp';'C:\Users\greta.vega\Documents\MIGUEL\SWEEP2017\Filtered occurrences plants 16 12 31 copy\terrestrial_clip\Pinus halepensi_MCP_Bz_Clip.shp';'C:\Users\greta.vega\Documents\MIGUEL\SWEEP2017\Filtered occurrences plants 16 12 31 copy\terrestrial_clip\Pinus nigra_MCP_Bz_Clip.shp';'C:\Users\greta.vega\Documents\MIGUEL\SWEEP2017\Filtered occurrences plants 16 12 31 copy\terrestrial_clip\Podocarpus henkelii_MCP_Bz_Clip.shp';'C:\Users\greta.vega\Documents\MIGUEL\SWEEP2017\Filtered occurrences plants 16 12 31 copy\terrestrial_clip\Podocarpus nivali_MCP_Bz_Clip.shp';'C:\Users\greta.vega\Documents\MIGUEL\SWEEP2017\Filtered occurrences plants 16 12 31 copy\terrestrial_clip\Podocarpus salignu_MCP_Bz_Clip.shp';'C:\Users\greta.vega\Documents\MIGUEL\SWEEP2017\Filtered occurrences plants 16 12 31 copy\terrestrial_clip\Podocarpus totara_MCP_Bz_Clip.shp';'C:\Users\greta.vega\Documents\MIGUEL\SWEEP2017\Filtered occurrences plants 16 12 31 copy\terrestrial_clip\Prostanthera nivea_MCP_Bz_Clip.shp';'C:\Users\greta.vega\Documents\MIGUEL\SWEEP2017\Filtered occurrences plants 16 12 31 copy\terrestrial_clip\Protea cynaroide_MCP_Bz_Clip.shp';'C:\Users\greta.vega\Documents\MIGUEL\SWEEP2017\Filtered occurrences plants 16 12 31 copy\terrestrial_clip\Protea neriifolia_MCP_Bz_Clip.shp';'C:\Users\greta.vega\Documents\MIGUEL\SWEEP2017\Filtered occurrences plants 16 12 31 copy\terrestrial_clip\Protea repen_MCP_Bz_Clip.shp';'C:\Users\greta.vega\Documents\MIGUEL\SWEEP2017\Filtered occurrences plants 16 12 31 copy\terrestrial_clip\Prumnopitys andina_MCP_Bz_Clip.shp';'C:\Users\greta.vega\Documents\MIGUEL\SWEEP2017\Filtered occurrences plants 16 12 31 copy\terrestrial_clip\Pseudoselago densifolia_MCP_Bz_Clip.shp';'C:\Users\greta.vega\Documents\MIGUEL\SWEEP2017\Filtered occurrences plants 16 12 31 copy\terrestrial_clip\Psoralea pinnata_MCP_Bz_Clip.shp';'C:\Users\greta.vega\Documents\MIGUEL\SWEEP2017\Filtered occurrences plants 16 12 31 copy\terrestrial_clip\Quercus agrifolia_MCP_Bz_Clip.shp';'C:\Users\greta.vega\Documents\MIGUEL\SWEEP2017\Filtered occurrences plants 16 12 31 copy\terrestrial_clip\Rhamnus prinoide_MCP_Bz_Clip.shp';'C:\Users\greta.vega\Documents\MIGUEL\SWEEP2017\Filtered occurrences plants 16 12 31 copy\terrestrial_clip\Rhaphithamnus spinosu_MCP_Bz_Clip.shp';'C:\Users\greta.vega\Documents\MIGUEL\SWEEP2017\Filtered occurrences plants 16 12 31 copy\terrestrial_clip\Rhodocoma gigantea_MCP_Bz_Clip.shp';'C:\Users\greta.vega\Documents\MIGUEL\SWEEP2017\Filtered occurrences plants 16 12 31 copy\terrestrial_clip\Serruria florida_MCP_Bz_Clip.shp';'C:\Users\greta.vega\Documents\MIGUEL\SWEEP2017\Filtered occurrences plants 16 12 31 copy\terrestrial_clip\Serruria phylicoide_MCP_Bz_Clip.shp';'C:\Users\greta.vega\Documents\MIGUEL\SWEEP2017\Filtered occurrences plants 16 12 31 copy\terrestrial_clip\Syncarpia glomulifera_MCP_Bz_Clip.shp';'C:\Users\greta.vega\Documents\MIGUEL\SWEEP2017\Filtered occurrences plants 16 12 31 copy\terrestrial_clip\Tristania neriifolia_MCP_Bz_Clip.shp';'C:\Users\greta.vega\Documents\MIGUEL\SWEEP2017\Filtered occurrences plants 16 12 31 copy\terrestrial_clip\Virgilia divaricata_MCP_Bz_Clip.shp';'C:\Users\greta.vega\Documents\MIGUEL\SWEEP2017\Filtered occurrences plants 16 12 31 copy\terrestrial_clip\Weinmannia trichosperma_MCP_Bz_Clip.shp';'C:\Users\greta.vega\Documents\MIGUEL\SWEEP2017\Filtered occurrences plants 16 12 31 copy\terrestrial_clip\Widdringtonia schwarzii_MCP_Bz_Clip.shp' "C:\Users\greta.vega\Documents\MIGUEL\SWEEP2017\Filtered occurrences plants 16 12 31 copy\Filtered occurrences plants 16 12 31_020817.shp" "species "species" true true false 254 Text 0 0 ,First,#,C:\Users\greta.vega\Documents\MIGUEL\SWEEP2017\Filtered occurrences plants 16 12 31 copy\terrestrial_clip\Acacia melanoxylon_MCP_Bz_Clip.shp,species,-1,-1,C:\Users\greta.vega\Documents\MIGUEL\SWEEP2017\Filtered occurrences plants 16 12 31 copy\terrestrial_clip\Acca sellowiana_MCP_Bz_Clip.shp,species,-1,-1,C:\Users\greta.vega\Documents\MIGUEL\SWEEP2017\Filtered occurrences plants 16 12 31 copy\terrestrial_clip\Acer saccharum_MCP_Bz_Clip.shp,species,-1,-1,C:\Users\greta.vega\Documents\MIGUEL\SWEEP2017\Filtered occurrences plants 16 12 31 copy\terrestrial_clip\Aciphylla hectori_MCP_Bz_Clip.shp,species,-1,-1,C:\Users\greta.vega\Documents\MIGUEL\SWEEP2017\Filtered occurrences plants 16 12 31 copy\terrestrial_clip\Ackama rosifolia_MCP_Bz_Clip.shp,species,-1,-1,C:\Users\greta.vega\Documents\MIGUEL\SWEEP2017\Filtered occurrences plants 16 12 31 copy\terrestrial_clip\Acmadenia heterophylla_MCP_Bz_Clip.shp,species,-1,-1,C:\Users\greta.vega\Documents\MIGUEL\SWEEP2017\Filtered occurrences plants 16 12 31 copy\terrestrial_clip\Acmena smithii_MCP_Bz_Clip.shp,species,-1,-1,C:\Users\greta.vega\Documents\MIGUEL\SWEEP2017\Filtered occurrences plants 16 12 31 copy\terrestrial_clip\Acradenia frankliniae_MCP_Bz_Clip.shp,species,-1,-1,C:\Users\greta.vega\Documents\MIGUEL\SWEEP2017\Filtered occurrences plants 16 12 31 copy\terrestrial_clip\Adenandra uniflora_MCP_Bz_Clip.shp,species,-1,-1,C:\Users\greta.vega\Documents\MIGUEL\SWEEP2017\Filtered occurrences plants 16 12 31 copy\terrestrial_clip\Adenostoma fasciculatum_MCP_Bz_Clip.shp,species,-1,-1,C:\Users\greta.vega\Documents\MIGUEL\SWEEP2017\Filtered occurrences plants 16 12 31 copy\terrestrial_clip\Alyxia buxifolia_MCP_Bz_Clip.shp,species,-1,-1,C:\Users\greta.vega\Documents\MIGUEL\SWEEP2017\Filtered occurrences plants 16 12 31 copy\terrestrial_clip\Anagyris foetida_MCP_Bz_Clip.shp,species,-1,-1,C:\Users\greta.vega\Documents\MIGUEL\SWEEP2017\Filtered occurrences plants 16 12 31 copy\terrestrial_clip\Anisotome imbricata_MCP_Bz_Clip.shp,species,-1,-1,C:\Users\greta.vega\Documents\MIGUEL\SWEEP2017\Filtered occurrences plants 16 12 31 copy\terrestrial_clip\Anopterus glandulosu_MCP_Bz_Clip.shp,species,-1,-1,C:\Users\greta.vega\Documents\MIGUEL\SWEEP2017\Filtered occurrences plants 16 12 31 copy\terrestrial_clip\Argyrotegium mackayi_MCP_Bz_Clip.shp,species,-1,-1,C:\Users\greta.vega\Documents\MIGUEL\SWEEP2017\Filtered occurrences plants 16 12 31 copy\terrestrial_clip\Artemisia californica_MCP_Bz_Clip.shp,species,-1,-1,C:\Users\greta.vega\Documents\MIGUEL\SWEEP2017\Filtered occurrences plants 16 12 31 copy\terrestrial_clip\Astartea fasciculari_MCP_Bz_Clip.shp,species,-1,-1,C:\Users\greta.vega\Documents\MIGUEL\SWEEP2017\Filtered occurrences plants 16 12 31 copy\terrestrial_clip\Athrotaxis cupressoide_MCP_Bz_Clip.shp,species,-1,-1,C:\Users\greta.vega\Documents\MIGUEL\SWEEP2017\Filtered occurrences plants 16 12 31 copy\terrestrial_clip\Atriplex hymenelytra_MCP_Bz_Clip.shp,species,-1,-1,C:\Users\greta.vega\Documents\MIGUEL\SWEEP2017\Filtered occurrences plants 16 12 31 copy\terrestrial_clip\Azara integrifolia_MCP_Bz_Clip.shp,species,-1,-1,C:\Users\greta.vega\Documents\MIGUEL\SWEEP2017\Filtered occurrences plants 16 12 31 copy\terrestrial_clip\Azara microphylla_MCP_Bz_Clip.shp,species,-1,-1,C:\Users\greta.vega\Documents\MIGUEL\SWEEP2017\Filtered occurrences plants 16 12 31 copy\terrestrial_clip\Baccharis pilulari_MCP_Bz_Clip.shp,species,-1,-1,C:\Users\greta.vega\Documents\MIGUEL\SWEEP2017\Filtered occurrences plants 16 12 31 copy\terrestrial_clip\Banksia aemula_MCP_Bz_Clip.shp,species,-1,-1,C:\Users\greta.vega\Documents\MIGUEL\SWEEP2017\Filtered occurrences plants 16 12 31 copy\terrestrial_clip\Banksia marginata_MCP_Bz_Clip.shp,species,-1,-1,C:\Users\greta.vega\Documents\MIGUEL\SWEEP2017\Filtered occurrences plants 16 12 31 copy\terrestrial_clip\Bauera rubioide_MCP_Bz_Clip.shp,species,-1,-1,C:\Users\greta.vega\Documents\MIGUEL\SWEEP2017\Filtered occurrences plants 16 12 31 copy\terrestrial_clip\Berberis empetrifolia_MCP_Bz_Clip.shp,species,-1,-1,C:\Users\greta.vega\Documents\MIGUEL\SWEEP2017\Filtered occurrences plants 16 12 31 copy\terrestrial_clip\Berberis lutea_MCP_Bz_Clip.shp,species,-1,-1,C:\Users\greta.vega\Documents\MIGUEL\SWEEP2017\Filtered occurrences plants 16 12 31 copy\terrestrial_clip\Blechnum penna-marina_MCP_Bz_Clip.shp,species,-1,-1,C:\Users\greta.vega\Documents\MIGUEL\SWEEP2017\Filtered occurrences plants 16 12 31 copy\terrestrial_clip\Brodoa intestiniformi_MCP_Bz_Clip.shp,species,-1,-1,C:\Users\greta.vega\Documents\MIGUEL\SWEEP2017\Filtered occurrences plants 16 12 31 copy\terrestrial_clip\Bromus ruben_MCP_Bz_Clip.shp,species,-1,-1,C:\Users\greta.vega\Documents\MIGUEL\SWEEP2017\Filtered occurrences plants 16 12 31 copy\terrestrial_clip\Bromus tectorum_MCP_Bz_Clip.shp,species,-1,-1,C:\Users\greta.vega\Documents\MIGUEL\SWEEP2017\Filtered occurrences plants 16 12 31 copy\terrestrial_clip\Bursaria spinosa_MCP_Bz_Clip.shp,species,-1,-1,C:\Users\greta.vega\Documents\MIGUEL\SWEEP2017\Filtered occurrences plants 16 12 31 copy\terrestrial_clip\Caloplaca ferruginea_MCP_Bz_Clip.shp,species,-1,-1,C:\Users\greta.vega\Documents\MIGUEL\SWEEP2017\Filtered occurrences plants 16 12 31 copy\terrestrial_clip\Caltha obtusa_MCP_Bz_Clip.shp,species,-1,-1,C:\Users\greta.vega\Documents\MIGUEL\SWEEP2017\Filtered occurrences plants 16 12 31 copy\terrestrial_clip\Callicoma serratifolia_MCP_Bz_Clip.shp,species,-1,-1,C:\Users\greta.vega\Documents\MIGUEL\SWEEP2017\Filtered occurrences plants 16 12 31 copy\terrestrial_clip\Callistemon viridifloru_MCP_Bz_Clip.shp,species,-1,-1,C:\Users\greta.vega\Documents\MIGUEL\SWEEP2017\Filtered occurrences plants 16 12 31 copy\terrestrial_clip\Callitris endlicheri_MCP_Bz_Clip.shp,species,-1,-1,C:\Users\greta.vega\Documents\MIGUEL\SWEEP2017\Filtered occurrences plants 16 12 31 copy\terrestrial_clip\Cantua buxifolia_MCP_Bz_Clip.shp,species,-1,-1,C:\Users\greta.vega\Documents\MIGUEL\SWEEP2017\Filtered occurrences plants 16 12 31 copy\terrestrial_clip\Castanea dentata_MCP_Bz_Clip.shp,species,-1,-1,C:\Users\greta.vega\Documents\MIGUEL\SWEEP2017\Filtered occurrences plants 16 12 31 copy\terrestrial_clip\Ceanothus cuneatu_MCP_Bz_Clip.shp,species,-1,-1,C:\Users\greta.vega\Documents\MIGUEL\SWEEP2017\Filtered occurrences plants 16 12 31 copy\terrestrial_clip\Ceanothus oliganthu_MCP_Bz_Clip.shp,species,-1,-1,C:\Users\greta.vega\Documents\MIGUEL\SWEEP2017\Filtered occurrences plants 16 12 31 copy\terrestrial_clip\Cedrus atlantica_MCP_Bz_Clip.shp,species,-1,-1,C:\Users\greta.vega\Documents\MIGUEL\SWEEP2017\Filtered occurrences plants 16 12 31 copy\terrestrial_clip\Celmisia argentea_MCP_Bz_Clip.shp,species,-1,-1,C:\Users\greta.vega\Documents\MIGUEL\SWEEP2017\Filtered occurrences plants 16 12 31 copy\terrestrial_clip\Celmisia haastii_MCP_Bz_Clip.shp,species,-1,-1,C:\Users\greta.vega\Documents\MIGUEL\SWEEP2017\Filtered occurrences plants 16 12 31 copy\terrestrial_clip\Celmisia viscosa_MCP_Bz_Clip.shp,species,-1,-1,C:\Users\greta.vega\Documents\MIGUEL\SWEEP2017\Filtered occurrences plants 16 12 31 copy\terrestrial_clip\Cercocarpus betuloide_MCP_Bz_Clip.shp,species,-1,-1,C:\Users\greta.vega\Documents\MIGUEL\SWEEP2017\Filtered occurrences plants 16 12 31 copy\terrestrial_clip\Coprosma lucida_MCP_Bz_Clip.shp,species,-1,-1,C:\Users\greta.vega\Documents\MIGUEL\SWEEP2017\Filtered occurrences plants 16 12 31 copy\terrestrial_clip\Coprosma perpusilla_MCP_Bz_Clip.shp,species,-1,-1,C:\Users\greta.vega\Documents\MIGUEL\SWEEP2017\Filtered occurrences plants 16 12 31 copy\terrestrial_clip\Coprosma repen_MCP_Bz_Clip.shp,species,-1,-1,C:\Users\greta.vega\Documents\MIGUEL\SWEEP2017\Filtered occurrences plants 16 12 31 copy\terrestrial_clip\Correa decumben_MCP_Bz_Clip.shp,species,-1,-1,C:\Users\greta.vega\Documents\MIGUEL\SWEEP2017\Filtered occurrences plants 16 12 31 copy\terrestrial_clip\Crinodendron hookerianum_MCP_Bz_Clip.shp,species,-1,-1,C:\Users\greta.vega\Documents\MIGUEL\SWEEP2017\Filtered occurrences plants 16 12 31 copy\terrestrial_clip\Cunonia capensi_MCP_Bz_Clip.shp,species,-1,-1,C:\Users\greta.vega\Documents\MIGUEL\SWEEP2017\Filtered occurrences plants 16 12 31 copy\terrestrial_clip\Cupressus semperviren_MCP_Bz_Clip.shp,species,-1,-1,C:\Users\greta.vega\Documents\MIGUEL\SWEEP2017\Filtered occurrences plants 16 12 31 copy\terrestrial_clip\Cussonia paniculata_MCP_Bz_Clip.shp,species,-1,-1,C:\Users\greta.vega\Documents\MIGUEL\SWEEP2017\Filtered occurrences plants 16 12 31 copy\terrestrial_clip\Dais cotinifolia_MCP_Bz_Clip.shp,species,-1,-1,C:\Users\greta.vega\Documents\MIGUEL\SWEEP2017\Filtered occurrences plants 16 12 31 copy\terrestrial_clip\Desfontainia spinosa_MCP_Bz_Clip.shp,species,-1,-1,C:\Users\greta.vega\Documents\MIGUEL\SWEEP2017\Filtered occurrences plants 16 12 31 copy\terrestrial_clip\Dirca occidentali_MCP_Bz_Clip.shp,species,-1,-1,C:\Users\greta.vega\Documents\MIGUEL\SWEEP2017\Filtered occurrences plants 16 12 31 copy\terrestrial_clip\Drimys winteri_MCP_Bz_Clip.shp,species,-1,-1,C:\Users\greta.vega\Documents\MIGUEL\SWEEP2017\Filtered occurrences plants 16 12 31 copy\terrestrial_clip\Elaeocarpus reticulatu_MCP_Bz_Clip.shp,species,-1,-1,C:\Users\greta.vega\Documents\MIGUEL\SWEEP2017\Filtered occurrences plants 16 12 31 copy\terrestrial_clip\Elegia capensi_MCP_Bz_Clip.shp,species,-1,-1,C:\Users\greta.vega\Documents\MIGUEL\SWEEP2017\Filtered occurrences plants 16 12 31 copy\terrestrial_clip\Embothrium coccineum_MCP_Bz_Clip.shp,species,-1,-1,C:\Users\greta.vega\Documents\MIGUEL\SWEEP2017\Filtered occurrences plants 16 12 31 copy\terrestrial_clip\Encelia californica_MCP_Bz_Clip.shp,species,-1,-1,C:\Users\greta.vega\Documents\MIGUEL\SWEEP2017\Filtered occurrences plants 16 12 31 copy\terrestrial_clip\Encelia farinosa_MCP_Bz_Clip.shp,species,-1,-1,C:\Users\greta.vega\Documents\MIGUEL\SWEEP2017\Filtered occurrences plants 16 12 31 copy\terrestrial_clip\Erica cerinthoide_MCP_Bz_Clip.shp,species,-1,-1,C:\Users\greta.vega\Documents\MIGUEL\SWEEP2017\Filtered occurrences plants 16 12 31 copy\terrestrial_clip\Erica cruenta_MCP_Bz_Clip.shp,species,-1,-1,C:\Users\greta.vega\Documents\MIGUEL\SWEEP2017\Filtered occurrences plants 16 12 31 copy\terrestrial_clip\Erica hirtiflora_MCP_Bz_Clip.shp,species,-1,-1,C:\Users\greta.vega\Documents\MIGUEL\SWEEP2017\Filtered occurrences plants 16 12 31 copy\terrestrial_clip\Erica melanthera_MCP_Bz_Clip.shp,species,-1,-1,C:\Users\greta.vega\Documents\MIGUEL\SWEEP2017\Filtered occurrences plants 16 12 31 copy\terrestrial_clip\Eriodictyon californicum_MCP_Bz_Clip.shp,species,-1,-1,C:\Users\greta.vega\Documents\MIGUEL\SWEEP2017\Filtered occurrences plants 16 12 31 copy\terrestrial_clip\Eriogonum fasciculatum_MCP_Bz_Clip.shp,species,-1,-1,C:\Users\greta.vega\Documents\MIGUEL\SWEEP2017\Filtered occurrences plants 16 12 31 copy\terrestrial_clip\Eriogonum latifolium_MCP_Bz_Clip.shp,species,-1,-1,C:\Users\greta.vega\Documents\MIGUEL\SWEEP2017\Filtered occurrences plants 16 12 31 copy\terrestrial_clip\Eucryphia cordifolia_MCP_Bz_Clip.shp,species,-1,-1,C:\Users\greta.vega\Documents\MIGUEL\SWEEP2017\Filtered occurrences plants 16 12 31 copy\terrestrial_clip\Eucryphia lucida_MCP_Bz_Clip.shp,species,-1,-1,C:\Users\greta.vega\Documents\MIGUEL\SWEEP2017\Filtered occurrences plants 16 12 31 copy\terrestrial_clip\Euryops pectinatu_MCP_Bz_Clip.shp,species,-1,-1,C:\Users\greta.vega\Documents\MIGUEL\SWEEP2017\Filtered occurrences plants 16 12 31 copy\terrestrial_clip\Euryops virgineu_MCP_Bz_Clip.shp,species,-1,-1,C:\Users\greta.vega\Documents\MIGUEL\SWEEP2017\Filtered occurrences plants 16 12 31 copy\terrestrial_clip\Felicia amelloide_MCP_Bz_Clip.shp,species,-1,-1,C:\Users\greta.vega\Documents\MIGUEL\SWEEP2017\Filtered occurrences plants 16 12 31 copy\terrestrial_clip\Gentiana divisa_MCP_Bz_Clip.shp,species,-1,-1,C:\Users\greta.vega\Documents\MIGUEL\SWEEP2017\Filtered occurrences plants 16 12 31 copy\terrestrial_clip\Geranium robertianum_MCP_Bz_Clip.shp,species,-1,-1,C:\Users\greta.vega\Documents\MIGUEL\SWEEP2017\Filtered occurrences plants 16 12 31 copy\terrestrial_clip\Grevillea rosmarinifolia_MCP_Bz_Clip.shp,species,-1,-1,C:\Users\greta.vega\Documents\MIGUEL\SWEEP2017\Filtered occurrences plants 16 12 31 copy\terrestrial_clip\Grevillea speciosa_MCP_Bz_Clip.shp,species,-1,-1,C:\Users\greta.vega\Documents\MIGUEL\SWEEP2017\Filtered occurrences plants 16 12 31 copy\terrestrial_clip\Greyia sutherlandii_MCP_Bz_Clip.shp,species,-1,-1,C:\Users\greta.vega\Documents\MIGUEL\SWEEP2017\Filtered occurrences plants 16 12 31 copy\terrestrial_clip\Griselinia littorali_MCP_Bz_Clip.shp,species,-1,-1,C:\Users\greta.vega\Documents\MIGUEL\SWEEP2017\Filtered occurrences plants 16 12 31 copy\terrestrial_clip\Griselinia racemosa_MCP_Bz_Clip.shp,species,-1,-1,C:\Users\greta.vega\Documents\MIGUEL\SWEEP2017\Filtered occurrences plants 16 12 31 copy\terrestrial_clip\Hakea salicifolia_MCP_Bz_Clip.shp,species,-1,-1,C:\Users\greta.vega\Documents\MIGUEL\SWEEP2017\Filtered occurrences plants 16 12 31 copy\terrestrial_clip\Halocarpus biformi_MCP_Bz_Clip.shp,species,-1,-1,C:\Users\greta.vega\Documents\MIGUEL\SWEEP2017\Filtered occurrences plants 16 12 31 copy\terrestrial_clip\Hazardia squarrosa_MCP_Bz_Clip.shp,species,-1,-1,C:\Users\greta.vega\Documents\MIGUEL\SWEEP2017\Filtered occurrences plants 16 12 31 copy\terrestrial_clip\Hebe odora_MCP_Bz_Clip.shp,species,-1,-1,C:\Users\greta.vega\Documents\MIGUEL\SWEEP2017\Filtered occurrences plants 16 12 31 copy\terrestrial_clip\Hectorella caespitosa_MCP_Bz_Clip.shp,species,-1,-1,C:\Users\greta.vega\Documents\MIGUEL\SWEEP2017\Filtered occurrences plants 16 12 31 copy\terrestrial_clip\Helichrysum petiolare_MCP_Bz_Clip.shp,species,-1,-1,C:\Users\greta.vega\Documents\MIGUEL\SWEEP2017\Filtered occurrences plants 16 12 31 copy\terrestrial_clip\Helleborus foetidu_MCP_Bz_Clip.shp,species,-1,-1,C:\Users\greta.vega\Documents\MIGUEL\SWEEP2017\Filtered occurrences plants 16 12 31 copy\terrestrial_clip\Heteromeles arbutifolia_MCP_Bz_Clip.shp,species,-1,-1,C:\Users\greta.vega\Documents\MIGUEL\SWEEP2017\Filtered occurrences plants 16 12 31 copy\terrestrial_clip\Isocoma acradenia_MCP_Bz_Clip.shp,species,-1,-1,C:\Users\greta.vega\Documents\MIGUEL\SWEEP2017\Filtered occurrences plants 16 12 31 copy\terrestrial_clip\Isocoma menziesii_MCP_Bz_Clip.shp,species,-1,-1,C:\Users\greta.vega\Documents\MIGUEL\SWEEP2017\Filtered occurrences plants 16 12 31 copy\terrestrial_clip\Larrea tridentata_MCP_Bz_Clip.shp,species,-1,-1,C:\Users\greta.vega\Documents\MIGUEL\SWEEP2017\Filtered occurrences plants 16 12 31 copy\terrestrial_clip\Lepechinia calycina_MCP_Bz_Clip.shp,species,-1,-1,C:\Users\greta.vega\Documents\MIGUEL\SWEEP2017\Filtered occurrences plants 16 12 31 copy\terrestrial_clip\Letharia vulpina_MCP_Bz_Clip.shp,species,-1,-1,C:\Users\greta.vega\Documents\MIGUEL\SWEEP2017\Filtered occurrences plants 16 12 31 copy\terrestrial_clip\Leucadendron argenteum_MCP_Bz_Clip.shp,species,-1,-1,C:\Users\greta.vega\Documents\MIGUEL\SWEEP2017\Filtered occurrences plants 16 12 31 copy\terrestrial_clip\Libocedrus bidwillii_MCP_Bz_Clip.shp,species,-1,-1,C:\Users\greta.vega\Documents\MIGUEL\SWEEP2017\Filtered occurrences plants 16 12 31 copy\terrestrial_clip\Lomatia tinctoria_MCP_Bz_Clip.shp,species,-1,-1,C:\Users\greta.vega\Documents\MIGUEL\SWEEP2017\Filtered occurrences plants 16 12 31 copy\terrestrial_clip\Lonicera hispidula_MCP_Bz_Clip.shp,species,-1,-1,C:\Users\greta.vega\Documents\MIGUEL\SWEEP2017\Filtered occurrences plants 16 12 31 copy\terrestrial_clip\Lophomyrtus bullata_MCP_Bz_Clip.shp,species,-1,-1,C:\Users\greta.vega\Documents\MIGUEL\SWEEP2017\Filtered occurrences plants 16 12 31 copy\terrestrial_clip\Luma apiculata_MCP_Bz_Clip.shp,species,-1,-1,C:\Users\greta.vega\Documents\MIGUEL\SWEEP2017\Filtered occurrences plants 16 12 31 copy\terrestrial_clip\Lycopodium fastigiatum_MCP_Bz_Clip.shp,species,-1,-1,C:\Users\greta.vega\Documents\MIGUEL\SWEEP2017\Filtered occurrences plants 16 12 31 copy\terrestrial_clip\Mackaya bella_MCP_Bz_Clip.shp,species,-1,-1,C:\Users\greta.vega\Documents\MIGUEL\SWEEP2017\Filtered occurrences plants 16 12 31 copy\terrestrial_clip\Marah fabaceu_MCP_Bz_Clip.shp,species,-1,-1,C:\Users\greta.vega\Documents\MIGUEL\SWEEP2017\Filtered occurrences plants 16 12 31 copy\terrestrial_clip\Metrosideros robusta_MCP_Bz_Clip.shp,species,-1,-1,C:\Users\greta.vega\Documents\MIGUEL\SWEEP2017\Filtered occurrences plants 16 12 31 copy\terrestrial_clip\Metrosideros umbellata_MCP_Bz_Clip.shp,species,-1,-1,C:\Users\greta.vega\Documents\MIGUEL\SWEEP2017\Filtered occurrences plants 16 12 31 copy\terrestrial_clip\Mimulus aurantiacu_MCP_Bz_Clip.shp,species,-1,-1,C:\Users\greta.vega\Documents\MIGUEL\SWEEP2017\Filtered occurrences plants 16 12 31 copy\terrestrial_clip\Mitraria coccinea_MCP_Bz_Clip.shp,species,-1,-1,C:\Users\greta.vega\Documents\MIGUEL\SWEEP2017\Filtered occurrences plants 16 12 31 copy\terrestrial_clip\Myrceugenia correifolia_MCP_Bz_Clip.shp,species,-1,-1,C:\Users\greta.vega\Documents\MIGUEL\SWEEP2017\Filtered occurrences plants 16 12 31 copy\terrestrial_clip\Myrceugenia chrysocarpa_MCP_Bz_Clip.shp,species,-1,-1,C:\Users\greta.vega\Documents\MIGUEL\SWEEP2017\Filtered occurrences plants 16 12 31 copy\terrestrial_clip\Myrceugenia exsucca_MCP_Bz_Clip.shp,species,-1,-1,C:\Users\greta.vega\Documents\MIGUEL\SWEEP2017\Filtered occurrences plants 16 12 31 copy\terrestrial_clip\Myrceugenia lanceolata_MCP_Bz_Clip.shp,species,-1,-1,C:\Users\greta.vega\Documents\MIGUEL\SWEEP2017\Filtered occurrences plants 16 12 31 copy\terrestrial_clip\Myrceugenia obtusa_MCP_Bz_Clip.shp,species,-1,-1,C:\Users\greta.vega\Documents\MIGUEL\SWEEP2017\Filtered occurrences plants 16 12 31 copy\terrestrial_clip\Myrceugenia ovata_var_nannophylla_MCP_Bz_Clip.shp,species,-1,-1,C:\Users\greta.vega\Documents\MIGUEL\SWEEP2017\Filtered occurrences plants 16 12 31 copy\terrestrial_clip\Myrceugenia parvifolia_MCP_Bz_Clip.shp,species,-1,-1,C:\Users\greta.vega\Documents\MIGUEL\SWEEP2017\Filtered occurrences plants 16 12 31 copy\terrestrial_clip\Myrceugenia pinifolia_MCP_Bz_Clip.shp,species,-1,-1,C:\Users\greta.vega\Documents\MIGUEL\SWEEP2017\Filtered occurrences plants 16 12 31 copy\terrestrial_clip\Myrceugenia planipe_MCP_Bz_Clip.shp,species,-1,-1,C:\Users\greta.vega\Documents\MIGUEL\SWEEP2017\Filtered occurrences plants 16 12 31 copy\terrestrial_clip\Myrceugenia rufa_MCP_Bz_Clip.shp,species,-1,-1,C:\Users\greta.vega\Documents\MIGUEL\SWEEP2017\Filtered occurrences plants 16 12 31 copy\terrestrial_clip\Myrsine africana_MCP_Bz_Clip.shp,species,-1,-1,C:\Users\greta.vega\Documents\MIGUEL\SWEEP2017\Filtered occurrences plants 16 12 31 copy\terrestrial_clip\Myrsine australi_MCP_Bz_Clip.shp,species,-1,-1,C:\Users\greta.vega\Documents\MIGUEL\SWEEP2017\Filtered occurrences plants 16 12 31 copy\terrestrial_clip\Myrsine salicina_MCP_Bz_Clip.shp,species,-1,-1,C:\Users\greta.vega\Documents\MIGUEL\SWEEP2017\Filtered occurrences plants 16 12 31 copy\terrestrial_clip\Nestegis cunninghamii_MCP_Bz_Clip.shp,species,-1,-1,C:\Users\greta.vega\Documents\MIGUEL\SWEEP2017\Filtered occurrences plants 16 12 31 copy\terrestrial_clip\Nothofagus cunninghamii_MCP_Bz_Clip.shp,species,-1,-1,C:\Users\greta.vega\Documents\MIGUEL\SWEEP2017\Filtered occurrences plants 16 12 31 copy\terrestrial_clip\Nothofagus dombeyi_MCP_Bz_Clip.shp,species,-1,-1,C:\Users\greta.vega\Documents\MIGUEL\SWEEP2017\Filtered occurrences plants 16 12 31 copy\terrestrial_clip\Nothofagus fusca_MCP_Bz_Clip.shp,species,-1,-1,C:\Users\greta.vega\Documents\MIGUEL\SWEEP2017\Filtered occurrences plants 16 12 31 copy\terrestrial_clip\Phoenix canariensi_MCP_Bz_Clip.shp,species,-1,-1,C:\Users\greta.vega\Documents\MIGUEL\SWEEP2017\Filtered occurrences plants 16 12 31 copy\terrestrial_clip\Phygelius aequali_MCP_Bz_Clip.shp,species,-1,-1,C:\Users\greta.vega\Documents\MIGUEL\SWEEP2017\Filtered occurrences plants 16 12 31 copy\terrestrial_clip\Phygelius capensi_MCP_Bz_Clip.shp,species,-1,-1,C:\Users\greta.vega\Documents\MIGUEL\SWEEP2017\Filtered occurrences plants 16 12 31 copy\terrestrial_clip\Phyllachne colensoi_MCP_Bz_Clip.shp,species,-1,-1,C:\Users\greta.vega\Documents\MIGUEL\SWEEP2017\Filtered occurrences plants 16 12 31 copy\terrestrial_clip\Phyllocladus alpinu_MCP_Bz_Clip.shp,species,-1,-1,C:\Users\greta.vega\Documents\MIGUEL\SWEEP2017\Filtered occurrences plants 16 12 31 copy\terrestrial_clip\Phyllocladus aspleniifoliu_MCP_Bz_Clip.shp,species,-1,-1,C:\Users\greta.vega\Documents\MIGUEL\SWEEP2017\Filtered occurrences plants 16 12 31 copy\terrestrial_clip\Pinus contorta_MCP_Bz_Clip.shp,species,-1,-1,C:\Users\greta.vega\Documents\MIGUEL\SWEEP2017\Filtered occurrences plants 16 12 31 copy\terrestrial_clip\Pinus halepensi_MCP_Bz_Clip.shp,species,-1,-1,C:\Users\greta.vega\Documents\MIGUEL\SWEEP2017\Filtered occurrences plants 16 12 31 copy\terrestrial_clip\Pinus nigra_MCP_Bz_Clip.shp,species,-1,-1,C:\Users\greta.vega\Documents\MIGUEL\SWEEP2017\Filtered occurrences plants 16 12 31 copy\terrestrial_clip\Podocarpus henkelii_MCP_Bz_Clip.shp,species,-1,-1,C:\Users\greta.vega\Documents\MIGUEL\SWEEP2017\Filtered occurrences plants 16 12 31 copy\terrestrial_clip\Podocarpus nivali_MCP_Bz_Clip.shp,species,-1,-1,C:\Users\greta.vega\Documents\MIGUEL\SWEEP2017\Filtered occurrences plants 16 12 31 copy\terrestrial_clip\Podocarpus salignu_MCP_Bz_Clip.shp,species,-1,-1,C:\Users\greta.vega\Documents\MIGUEL\SWEEP2017\Filtered occurrences plants 16 12 31 copy\terrestrial_clip\Podocarpus totara_MCP_Bz_Clip.shp,species,-1,-1,C:\Users\greta.vega\Documents\MIGUEL\SWEEP2017\Filtered occurrences plants 16 12 31 copy\terrestrial_clip\Prostanthera nivea_MCP_Bz_Clip.shp,species,-1,-1,C:\Users\greta.vega\Documents\MIGUEL\SWEEP2017\Filtered occurrences plants 16 12 31 copy\terrestrial_clip\Protea cynaroide_MCP_Bz_Clip.shp,species,-1,-1,C:\Users\greta.vega\Documents\MIGUEL\SWEEP2017\Filtered occurrences plants 16 12 31 copy\terrestrial_clip\Protea neriifolia_MCP_Bz_Clip.shp,species,-1,-1,C:\Users\greta.vega\Documents\MIGUEL\SWEEP2017\Filtered occurrences plants 16 12 31 copy\terrestrial_clip\Protea repen_MCP_Bz_Clip.shp,species,-1,-1,C:\Users\greta.vega\Documents\MIGUEL\SWEEP2017\Filtered occurrences plants 16 12 31 copy\terrestrial_clip\Prumnopitys andina_MCP_Bz_Clip.shp,species,-1,-1,C:\Users\greta.vega\Documents\MIGUEL\SWEEP2017\Filtered occurrences plants 16 12 31 copy\terrestrial_clip\Pseudoselago densifolia_MCP_Bz_Clip.shp,species,-1,-1,C:\Users\greta.vega\Documents\MIGUEL\SWEEP2017\Filtered occurrences plants 16 12 31 copy\terrestrial_clip\Psoralea pinnata_MCP_Bz_Clip.shp,species,-1,-1,C:\Users\greta.vega\Documents\MIGUEL\SWEEP2017\Filtered occurrences plants 16 12 31 copy\terrestrial_clip\Quercus agrifolia_MCP_Bz_Clip.shp,species,-1,-1,C:\Users\greta.vega\Documents\MIGUEL\SWEEP2017\Filtered occurrences plants 16 12 31 copy\terrestrial_clip\Rhamnus prinoide_MCP_Bz_Clip.shp,species,-1,-1,C:\Users\greta.vega\Documents\MIGUEL\SWEEP2017\Filtered occurrences plants 16 12 31 copy\terrestrial_clip\Rhaphithamnus spinosu_MCP_Bz_Clip.shp,species,-1,-1,C:\Users\greta.vega\Documents\MIGUEL\SWEEP2017\Filtered occurrences plants 16 12 31 copy\terrestrial_clip\Rhodocoma gigantea_MCP_Bz_Clip.shp,species,-1,-1,C:\Users\greta.vega\Documents\MIGUEL\SWEEP2017\Filtered occurrences plants 16 12 31 copy\terrestrial_clip\Serruria florida_MCP_Bz_Clip.shp,species,-1,-1,C:\Users\greta.vega\Documents\MIGUEL\SWEEP2017\Filtered occurrences plants 16 12 31 copy\terrestrial_clip\Serruria phylicoide_MCP_Bz_Clip.shp,species,-1,-1,C:\Users\greta.vega\Documents\MIGUEL\SWEEP2017\Filtered occurrences plants 16 12 31 copy\terrestrial_clip\Syncarpia glomulifera_MCP_Bz_Clip.shp,species,-1,-1,C:\Users\greta.vega\Documents\MIGUEL\SWEEP2017\Filtered occurrences plants 16 12 31 copy\terrestrial_clip\Tristania neriifolia_MCP_Bz_Clip.shp,species,-1,-1,C:\Users\greta.vega\Documents\MIGUEL\SWEEP2017\Filtered occurrences plants 16 12 31 copy\terrestrial_clip\Virgilia divaricata_MCP_Bz_Clip.shp,species,-1,-1,C:\Users\greta.vega\Documents\MIGUEL\SWEEP2017\Filtered occurrences plants 16 12 31 copy\terrestrial_clip\Weinmannia trichosperma_MCP_Bz_Clip.shp,species,-1,-1,C:\Users\greta.vega\Documents\MIGUEL\SWEEP2017\Filtered occurrences plants 16 12 31 copy\terrestrial_clip\Widdringtonia schwarzii_MCP_Bz_Clip.shp,species,-1,-1"</Process><Process Name="Copy Features" ToolSource="c:\program files (x86)\arcgis\desktop10.2\ArcToolbox\Toolboxes\Data Management Tools.tbx\CopyFeatures" Date="20170810" Time="104416">CopyFeatures "I_Filtered occurrences plants_020817_species" "C:\Users\greta.vega\Documents\MIGUEL\trialPlantsTer_10082017\Erica cruenta.shp" # 0 0 0</Process></lineage><itemProps><itemName Sync="TRUE">Erica cruenta</itemName><imsContentType Sync="TRUE">002</imsContentType><itemSize Sync="TRUE">0.000</itemSize><itemLocation><linkage Sync="TRUE">file://\\MO-DEP2-D217-04\C$\Users\greta.vega\Documents\MIGUEL\trialPlantsTer_10082017\Erica cruenta.shp</linkage><protocol Sync="TRUE">Local Area Network</protocol></itemLocation></itemProps><coordRef><type Sync="TRUE">Geographic</type><geogcsn Sync="TRUE">GCS_WGS_1984</geogcsn><csUnits Sync="TRUE">Angular Unit: Degree (0.017453)</csUnits><peXml Sync="TRUE">&lt;GeographicCoordinateSystem xsi:type='typens:GeographicCoordinateSystem' xmlns:xsi='http://www.w3.org/2001/XMLSchema-instance' xmlns:xs='http://www.w3.org/2001/XMLSchema' xmlns:typens='http://www.esri.com/schemas/ArcGIS/10.1'&gt;&lt;WKT&gt;GEOGCS[&amp;quot;GCS_WGS_1984&amp;quot;,DATUM[&amp;quot;D_WGS_1984&amp;quot;,SPHEROID[&amp;quot;WGS_1984&amp;quot;,6378137.0,298.257223563]],PRIMEM[&amp;quot;Greenwich&amp;quot;,0.0],UNIT[&amp;quot;Degree&amp;quot;,0.0174532925199433],AUTHORITY[&amp;quot;EPSG&amp;quot;,4326]]&lt;/WKT&gt;&lt;XOrigin&gt;-400&lt;/XOrigin&gt;&lt;YOrigin&gt;-400&lt;/YOrigin&gt;&lt;XYScale&gt;11258999068426.238&lt;/XYScale&gt;&lt;ZOrigin&gt;-100000&lt;/ZOrigin&gt;&lt;ZScale&gt;10000&lt;/ZScale&gt;&lt;MOrigin&gt;-100000&lt;/MOrigin&gt;&lt;MScale&gt;10000&lt;/MScale&gt;&lt;XYTolerance&gt;8.983152841195215e-009&lt;/XYTolerance&gt;&lt;ZTolerance&gt;0.001&lt;/ZTolerance&gt;&lt;MTolerance&gt;0.001&lt;/MTolerance&gt;&lt;HighPrecision&gt;true&lt;/HighPrecision&gt;&lt;LeftLongitude&gt;-180&lt;/LeftLongitude&gt;&lt;WKID&gt;4326&lt;/WKID&gt;&lt;LatestWKID&gt;4326&lt;/LatestWKID&gt;&lt;/GeographicCoordinateSystem&gt;</peXml></coordRef><copyHistory><copy source="C:\Users\greta.vega\Documents\MIGUEL\SWEEP2017\Filtered occurrences plants 16 12 31 copy\Filtered occurrences plants 16 12 31_020817" dest="\\MO-DEP2-D217-04\C$\Users\greta.vega\Documents\MIGUEL\SWEEP2017\to send 020817\Filtered occurrences plants 16 12 31_020817" date="20170802" time="19030700"></copy></copyHistory></DataProperties><SyncDate>20170810</SyncDate><SyncTime>10441600</SyncTime><ModDate>20170810</ModDate><ModTime>10441600</ModTime></Esri><dataIdInfo><envirDesc Sync="TRUE">Microsoft Windows 7 Version 6.1 (Build 7601) Service Pack 1; Esri ArcGIS 10.2.2.3552</envirDesc><dataLang><languageCode value="spa" Sync="TRUE"></languageCode><countryCode value="ESP" Sync="TRUE"></countryCode></dataLang><idCitation><resTitle Sync="TRUE">Erica cruenta</resTitle><presForm><PresFormCd value="005" Sync="TRUE"></PresFormCd></presForm></idCitation><spatRpType><SpatRepTypCd value="001" Sync="TRUE"></SpatRepTypCd></spatRpType></dataIdInfo><mdLang><languageCode value="spa" Sync="TRUE"></languageCode><countryCode value="ESP" Sync="TRUE"></countryCode></mdLang><mdChar><CharSetCd value="004" Sync="TRUE"></CharSetCd></mdChar><distInfo><distFormat><formatName Sync="TRUE">Shapefile</formatName></distFormat><distTranOps><transSize Sync="TRUE">0.000</transSize></distTranOps></distInfo><mdHrLv><ScopeCd value="005" Sync="TRUE"></ScopeCd></mdHrLv><mdHrLvName Sync="TRUE">dataset</mdHrLvName><refSysInfo><RefSystem><refSysID><identCode code="4326" Sync="TRUE"></identCode><idCodeSpace Sync="TRUE">EPSG</idCodeSpace><idVersion Sync="TRUE">8.2.6</idVersion></refSysID></RefSystem></refSysInfo><spatRepInfo><VectSpatRep><geometObjs Name="Erica cruenta"><geoObjTyp><GeoObjTypCd value="002" Sync="TRUE"></GeoObjTypCd></geoObjTyp><geoObjCnt Sync="TRUE">0</geoObjCnt></geometObjs><topLvl><TopoLevCd value="001" Sync="TRUE"></TopoLevCd></topLvl></VectSpatRep></spatRepInfo><spdoinfo><ptvctinf><esriterm Name="Erica cruenta"><efeatyp Sync="TRUE">Simple</efeatyp><efeageom code="4" Sync="TRUE"></efeageom><esritopo Sync="TRUE">FALSE</esritopo><efeacnt Sync="TRUE">0</efeacnt><spindex Sync="TRUE">FALSE</spindex><linrefer Sync="TRUE">FALSE</linrefer></esriterm></ptvctinf></spdoinfo><eainfo><detailed Name="Erica cruenta"><enttyp><enttypl Sync="TRUE">Erica cruenta</enttypl><enttypt Sync="TRUE">Feature Class</enttypt><enttypc Sync="TRUE">0</enttypc></enttyp><attr><attrlabl Sync="TRUE">FID</attrlabl><attalias Sync="TRUE">FID</attalias><attrtype Sync="TRUE">OID</attrtype><attwidth Sync="TRUE">4</attwidth><atprecis Sync="TRUE">0</atprecis><attscale Sync="TRUE">0</attscale><attrdef Sync="TRUE">Internal feature number.</attrdef><attrdefs Sync="TRUE">Esri</attrdefs><attrdomv><udom Sync="TRUE">Sequential unique whole numbers that are automatically generated.</udom></attrdomv></attr><attr><attrlabl Sync="TRUE">Shape</attrlabl><attalias Sync="TRUE">Shape</attalias><attrtype Sync="TRUE">Geometry</attrtype><attwidth Sync="TRUE">0</attwidth><atprecis Sync="TRUE">0</atprecis><attscale Sync="TRUE">0</attscale><attrdef Sync="TRUE">Feature geometry.</attrdef><attrdefs Sync="TRUE">Esri</attrdefs><attrdomv><udom Sync="TRUE">Coordinates defining the features.</udom></attrdomv></attr><attr><attrlabl Sync="TRUE">species</attrlabl><attalias Sync="TRUE">species</attalias><attrtype Sync="TRUE">String</attrtype><attwidth Sync="TRUE">254</attwidth><atprecis Sync="TRUE">0</atprecis><attscale Sync="TRUE">0</attscale></attr></detailed></eainfo><mdDateSt Sync="TRUE">20170810</mdDateSt></metadata>
