<?xml version="1.0" encoding="UTF-8"?>
<metadata xml:lang="es"><Esri><CreaDate>20170802</CreaDate><CreaTime>19034800</CreaTime><ArcGISFormat>1.0</ArcGISFormat><ArcGISstyle>FGDC CSDGM Metadata</ArcGISstyle><SyncOnce>FALSE</SyncOnce><DataProperties><lineage><Process ToolSource="c:\program files (x86)\arcgis\desktop10.2\ArcToolbox\Toolboxes\Data Management Tools.tbx\CopyFeatures" Date="20170127" Time="122543">CopyFeatures "Acanthophora spicifera_Layer" "C:\Users\greta.vega\Documents\MIGUEL\SWEEP2017\Filtered occurrences plants aquatic 16 12 16 copy\Acanthophora spicifera.shp" # 0 0 0</Process><Process ToolSource="c:\program files (x86)\arcgis\desktop10.2\ArcToolbox\Toolboxes\Data Management Tools.tbx\MinimumBoundingGeometry" Date="20170127" Time="122544">MinimumBoundingGeometry "C:/Users/greta.vega/Documents/MIGUEL/SWEEP2017/Filtered occurrences plants aquatic 16 12 16 copy/Acanthophora spicifera.shp" "C:\Users\greta.vega\Documents\MIGUEL\SWEEP2017\Filtered occurrences plants aquatic 16 12 16 copy\Acanthophora spicifera_MCP.shp" CONVEX_HULL LIST species NO_MBG_FIELDS</Process><Process ToolSource="c:\program files (x86)\arcgis\desktop10.2\ArcToolbox\Toolboxes\Cartography Tools.tbx\SmoothPolygon" Date="20170127" Time="122544">SmoothPolygon "C:/Users/greta.vega/Documents/MIGUEL/SWEEP2017/Filtered occurrences plants aquatic 16 12 16 copy/Acanthophora spicifera_MCP.shp" "C:\Users\greta.vega\Documents\MIGUEL\SWEEP2017\Filtered occurrences plants aquatic 16 12 16 copy\Acanthophora spicifera_MCP_Bz.shp" BEZIER_INTERPOLATION "0 DecimalDegrees" FIXED_ENDPOINT NO_CHECK</Process><Process ToolSource="c:\program files (x86)\arcgis\desktop10.2\ArcToolbox\Toolboxes\Analysis Tools.tbx\Clip" Date="20170313" Time="111729">Clip "C:/Users/greta.vega/Documents/MIGUEL/SWEEP2017/Filtered occurrences plants aquatic 16 12 16 copy/Acanthophora spicifera_MCP_Bz.shp" C:/Users/greta.vega/Documents/MIGUEL/MEOW.shp "C:\Users\greta.vega\Documents\MIGUEL\SWEEP2017\Filtered occurrences plants aquatic 16 12 16 copy\Acanthophora spicifera_MCP_Bz_Clip.shp" #</Process><Process ToolSource="c:\program files (x86)\arcgis\desktop10.2\ArcToolbox\Toolboxes\Data Management Tools.tbx\Merge" Date="20170802" Time="121844">Merge 'C:\Users\greta.vega\Documents\MIGUEL\SWEEP2017\Filtered occurrences plants aquatic 16 12 16 copy\august2017\selected_clip\Acanthophora spicifera_MCP_Bz_Clip.shp';'C:\Users\greta.vega\Documents\MIGUEL\SWEEP2017\Filtered occurrences plants aquatic 16 12 16 copy\august2017\selected_clip\Adenocystis utriculari_MCP_Bz_Clip.shp';'C:\Users\greta.vega\Documents\MIGUEL\SWEEP2017\Filtered occurrences plants aquatic 16 12 16 copy\august2017\selected_clip\Agardhiella subulata_MCP_Bz_Clip.shp';'C:\Users\greta.vega\Documents\MIGUEL\SWEEP2017\Filtered occurrences plants aquatic 16 12 16 copy\august2017\selected_clip\Ahnfeltia plicata_MCP_Bz_Clip.shp';'C:\Users\greta.vega\Documents\MIGUEL\SWEEP2017\Filtered occurrences plants aquatic 16 12 16 copy\august2017\selected_clip\Ahnfeltiopsis lineari_MCP_Bz_Clip.shp';'C:\Users\greta.vega\Documents\MIGUEL\SWEEP2017\Filtered occurrences plants aquatic 16 12 16 copy\august2017\selected_clip\Alaria esculenta_MCP_Bz_Clip.shp';'C:\Users\greta.vega\Documents\MIGUEL\SWEEP2017\Filtered occurrences plants aquatic 16 12 16 copy\august2017\selected_clip\Alaria marginata_MCP_Bz_Clip.shp';'C:\Users\greta.vega\Documents\MIGUEL\SWEEP2017\Filtered occurrences plants aquatic 16 12 16 copy\august2017\selected_clip\Analipus japonicu_MCP_Bz_Clip.shp';'C:\Users\greta.vega\Documents\MIGUEL\SWEEP2017\Filtered occurrences plants aquatic 16 12 16 copy\august2017\selected_clip\Arthrocladia villosa_MCP_Bz_Clip.shp';'C:\Users\greta.vega\Documents\MIGUEL\SWEEP2017\Filtered occurrences plants aquatic 16 12 16 copy\august2017\selected_clip\Ascoseira mirabili_MCP_Bz_Clip.shp';'C:\Users\greta.vega\Documents\MIGUEL\SWEEP2017\Filtered occurrences plants aquatic 16 12 16 copy\august2017\selected_clip\Asparagopsis taxiformi_MCP_Bz_Clip.shp';'C:\Users\greta.vega\Documents\MIGUEL\SWEEP2017\Filtered occurrences plants aquatic 16 12 16 copy\august2017\selected_clip\Blidingia minima_MCP_Bz_Clip.shp';'C:\Users\greta.vega\Documents\MIGUEL\SWEEP2017\Filtered occurrences plants aquatic 16 12 16 copy\august2017\selected_clip\Bonnemaisonia asparagoide_MCP_Bz_Clip.shp';'C:\Users\greta.vega\Documents\MIGUEL\SWEEP2017\Filtered occurrences plants aquatic 16 12 16 copy\august2017\selected_clip\Bonnemaisonia hamifera_MCP_Bz_Clip.shp';'C:\Users\greta.vega\Documents\MIGUEL\SWEEP2017\Filtered occurrences plants aquatic 16 12 16 copy\august2017\selected_clip\Bostrychia arbuscula_MCP_Bz_Clip.shp';'C:\Users\greta.vega\Documents\MIGUEL\SWEEP2017\Filtered occurrences plants aquatic 16 12 16 copy\august2017\selected_clip\Bostrychia tenella_MCP_Bz_Clip.shp';'C:\Users\greta.vega\Documents\MIGUEL\SWEEP2017\Filtered occurrences plants aquatic 16 12 16 copy\august2017\selected_clip\Callithamnion tetragonum_MCP_Bz_Clip.shp';'C:\Users\greta.vega\Documents\MIGUEL\SWEEP2017\Filtered occurrences plants aquatic 16 12 16 copy\august2017\selected_clip\Callophyllis laciniata_MCP_Bz_Clip.shp';'C:\Users\greta.vega\Documents\MIGUEL\SWEEP2017\Filtered occurrences plants aquatic 16 12 16 copy\august2017\selected_clip\Ceramium niten_MCP_Bz_Clip.shp';'C:\Users\greta.vega\Documents\MIGUEL\SWEEP2017\Filtered occurrences plants aquatic 16 12 16 copy\august2017\selected_clip\Chaetomorpha melagonium_MCP_Bz_Clip.shp';'C:\Users\greta.vega\Documents\MIGUEL\SWEEP2017\Filtered occurrences plants aquatic 16 12 16 copy\august2017\selected_clip\Chondrus crispu_MCP_Bz_Clip.shp';'C:\Users\greta.vega\Documents\MIGUEL\SWEEP2017\Filtered occurrences plants aquatic 16 12 16 copy\august2017\selected_clip\Chordaria flagelliformi_MCP_Bz_Clip.shp';'C:\Users\greta.vega\Documents\MIGUEL\SWEEP2017\Filtered occurrences plants aquatic 16 12 16 copy\august2017\selected_clip\Chordaria lineari_MCP_Bz_Clip.shp';'C:\Users\greta.vega\Documents\MIGUEL\SWEEP2017\Filtered occurrences plants aquatic 16 12 16 copy\august2017\selected_clip\Chrysymenia enteromorpha_MCP_Bz_Clip.shp';'C:\Users\greta.vega\Documents\MIGUEL\SWEEP2017\Filtered occurrences plants aquatic 16 12 16 copy\august2017\selected_clip\Cladophoropsis membranacea_MCP_Bz_Clip.shp';'C:\Users\greta.vega\Documents\MIGUEL\SWEEP2017\Filtered occurrences plants aquatic 16 12 16 copy\august2017\selected_clip\Cladostephus spongiosu_MCP_Bz_Clip.shp';'C:\Users\greta.vega\Documents\MIGUEL\SWEEP2017\Filtered occurrences plants aquatic 16 12 16 copy\august2017\selected_clip\Constantinea subulifera_MCP_Bz_Clip.shp';'C:\Users\greta.vega\Documents\MIGUEL\SWEEP2017\Filtered occurrences plants aquatic 16 12 16 copy\august2017\selected_clip\Costaria costata_MCP_Bz_Clip.shp';'C:\Users\greta.vega\Documents\MIGUEL\SWEEP2017\Filtered occurrences plants aquatic 16 12 16 copy\august2017\selected_clip\Cymathaere triplicata_MCP_Bz_Clip.shp';'C:\Users\greta.vega\Documents\MIGUEL\SWEEP2017\Filtered occurrences plants aquatic 16 12 16 copy\august2017\selected_clip\Cystophora torulosa_MCP_Bz_Clip.shp';'C:\Users\greta.vega\Documents\MIGUEL\SWEEP2017\Filtered occurrences plants aquatic 16 12 16 copy\august2017\selected_clip\Dasya baillouviana_MCP_Bz_Clip.shp';'C:\Users\greta.vega\Documents\MIGUEL\SWEEP2017\Filtered occurrences plants aquatic 16 12 16 copy\august2017\selected_clip\Delesseria sanguinea_MCP_Bz_Clip.shp';'C:\Users\greta.vega\Documents\MIGUEL\SWEEP2017\Filtered occurrences plants aquatic 16 12 16 copy\august2017\selected_clip\Desmarestia aculeata_MCP_Bz_Clip.shp';'C:\Users\greta.vega\Documents\MIGUEL\SWEEP2017\Filtered occurrences plants aquatic 16 12 16 copy\august2017\selected_clip\Desmarestia gayana_MCP_Bz_Clip.shp';'C:\Users\greta.vega\Documents\MIGUEL\SWEEP2017\Filtered occurrences plants aquatic 16 12 16 copy\august2017\selected_clip\Desmarestia ligulata_MCP_Bz_Clip.shp';'C:\Users\greta.vega\Documents\MIGUEL\SWEEP2017\Filtered occurrences plants aquatic 16 12 16 copy\august2017\selected_clip\Dictyopteris ligulata_MCP_Bz_Clip.shp';'C:\Users\greta.vega\Documents\MIGUEL\SWEEP2017\Filtered occurrences plants aquatic 16 12 16 copy\august2017\selected_clip\Dictyosiphon hirsutu_MCP_Bz_Clip.shp';'C:\Users\greta.vega\Documents\MIGUEL\SWEEP2017\Filtered occurrences plants aquatic 16 12 16 copy\august2017\selected_clip\Dictyota dichotoma_MCP_Bz_Clip.shp';'C:\Users\greta.vega\Documents\MIGUEL\SWEEP2017\Filtered occurrences plants aquatic 16 12 16 copy\august2017\selected_clip\Dilsea carnosa_MCP_Bz_Clip.shp';'C:\Users\greta.vega\Documents\MIGUEL\SWEEP2017\Filtered occurrences plants aquatic 16 12 16 copy\august2017\selected_clip\Dumontia contorta_MCP_Bz_Clip.shp';'C:\Users\greta.vega\Documents\MIGUEL\SWEEP2017\Filtered occurrences plants aquatic 16 12 16 copy\august2017\selected_clip\Egregia menziesii_MCP_Bz_Clip.shp';'C:\Users\greta.vega\Documents\MIGUEL\SWEEP2017\Filtered occurrences plants aquatic 16 12 16 copy\august2017\selected_clip\Eudesme virescen_MCP_Bz_Clip.shp';'C:\Users\greta.vega\Documents\MIGUEL\SWEEP2017\Filtered occurrences plants aquatic 16 12 16 copy\august2017\selected_clip\Fucus gardneri_MCP_Bz_Clip.shp';'C:\Users\greta.vega\Documents\MIGUEL\SWEEP2017\Filtered occurrences plants aquatic 16 12 16 copy\august2017\selected_clip\Fucus spirali_MCP_Bz_Clip.shp';'C:\Users\greta.vega\Documents\MIGUEL\SWEEP2017\Filtered occurrences plants aquatic 16 12 16 copy\august2017\selected_clip\Fucus vesiculosu_MCP_Bz_Clip.shp';'C:\Users\greta.vega\Documents\MIGUEL\SWEEP2017\Filtered occurrences plants aquatic 16 12 16 copy\august2017\selected_clip\Gracilaria coronopifolia_MCP_Bz_Clip.shp';'C:\Users\greta.vega\Documents\MIGUEL\SWEEP2017\Filtered occurrences plants aquatic 16 12 16 copy\august2017\selected_clip\Gracilaria mammillari_MCP_Bz_Clip.shp';'C:\Users\greta.vega\Documents\MIGUEL\SWEEP2017\Filtered occurrences plants aquatic 16 12 16 copy\august2017\selected_clip\Gracilaria tikvahiae_MCP_Bz_Clip.shp';'C:\Users\greta.vega\Documents\MIGUEL\SWEEP2017\Filtered occurrences plants aquatic 16 12 16 copy\august2017\selected_clip\Gracilariopsis longissima_MCP_Bz_Clip.shp';'C:\Users\greta.vega\Documents\MIGUEL\SWEEP2017\Filtered occurrences plants aquatic 16 12 16 copy\august2017\selected_clip\Grinnellia americana_MCP_Bz_Clip.shp';'C:\Users\greta.vega\Documents\MIGUEL\SWEEP2017\Filtered occurrences plants aquatic 16 12 16 copy\august2017\selected_clip\Halopteris filicina_MCP_Bz_Clip.shp';'C:\Users\greta.vega\Documents\MIGUEL\SWEEP2017\Filtered occurrences plants aquatic 16 12 16 copy\august2017\selected_clip\Halurus equisetifolius_MCP_Bz_Clip.shp';'C:\Users\greta.vega\Documents\MIGUEL\SWEEP2017\Filtered occurrences plants aquatic 16 12 16 copy\august2017\selected_clip\Halymenia floresii_MCP_Bz_Clip.shp';'C:\Users\greta.vega\Documents\MIGUEL\SWEEP2017\Filtered occurrences plants aquatic 16 12 16 copy\august2017\selected_clip\Halymenia latifolia_MCP_Bz_Clip.shp';'C:\Users\greta.vega\Documents\MIGUEL\SWEEP2017\Filtered occurrences plants aquatic 16 12 16 copy\august2017\selected_clip\Haplogloia andersonii_MCP_Bz_Clip.shp';'C:\Users\greta.vega\Documents\MIGUEL\SWEEP2017\Filtered occurrences plants aquatic 16 12 16 copy\august2017\selected_clip\Heterosiphonia gibbesii_MCP_Bz_Clip.shp';'C:\Users\greta.vega\Documents\MIGUEL\SWEEP2017\Filtered occurrences plants aquatic 16 12 16 copy\august2017\selected_clip\Hormosira banksii_MCP_Bz_Clip.shp';'C:\Users\greta.vega\Documents\MIGUEL\SWEEP2017\Filtered occurrences plants aquatic 16 12 16 copy\august2017\selected_clip\Hypnea musciformi_MCP_Bz_Clip.shp';'C:\Users\greta.vega\Documents\MIGUEL\SWEEP2017\Filtered occurrences plants aquatic 16 12 16 copy\august2017\selected_clip\Hypnea spinella_MCP_Bz_Clip.shp';'C:\Users\greta.vega\Documents\MIGUEL\SWEEP2017\Filtered occurrences plants aquatic 16 12 16 copy\august2017\selected_clip\Hypoglossum hypoglossoide_MCP_Bz_Clip.shp';'C:\Users\greta.vega\Documents\MIGUEL\SWEEP2017\Filtered occurrences plants aquatic 16 12 16 copy\august2017\selected_clip\Iridaea cordata_MCP_Bz_Clip.shp';'C:\Users\greta.vega\Documents\MIGUEL\SWEEP2017\Filtered occurrences plants aquatic 16 12 16 copy\august2017\selected_clip\Kallymenia reniformi_MCP_Bz_Clip.shp';'C:\Users\greta.vega\Documents\MIGUEL\SWEEP2017\Filtered occurrences plants aquatic 16 12 16 copy\august2017\selected_clip\Laminaria abyssali_MCP_Bz_Clip.shp';'C:\Users\greta.vega\Documents\MIGUEL\SWEEP2017\Filtered occurrences plants aquatic 16 12 16 copy\august2017\selected_clip\Laminaria digitata_MCP_Bz_Clip.shp';'C:\Users\greta.vega\Documents\MIGUEL\SWEEP2017\Filtered occurrences plants aquatic 16 12 16 copy\august2017\selected_clip\Laminaria hyperborea_MCP_Bz_Clip.shp';'C:\Users\greta.vega\Documents\MIGUEL\SWEEP2017\Filtered occurrences plants aquatic 16 12 16 copy\august2017\selected_clip\Laminaria pallida_MCP_Bz_Clip.shp';'C:\Users\greta.vega\Documents\MIGUEL\SWEEP2017\Filtered occurrences plants aquatic 16 12 16 copy\august2017\selected_clip\Laminaria saccharina_MCP_Bz_Clip.shp';'C:\Users\greta.vega\Documents\MIGUEL\SWEEP2017\Filtered occurrences plants aquatic 16 12 16 copy\august2017\selected_clip\Laminaria setchellii_MCP_Bz_Clip.shp';'C:\Users\greta.vega\Documents\MIGUEL\SWEEP2017\Filtered occurrences plants aquatic 16 12 16 copy\august2017\selected_clip\Laminaria sinclairii_MCP_Bz_Clip.shp';'C:\Users\greta.vega\Documents\MIGUEL\SWEEP2017\Filtered occurrences plants aquatic 16 12 16 copy\august2017\selected_clip\Laurencia obtusa_MCP_Bz_Clip.shp';'C:\Users\greta.vega\Documents\MIGUEL\SWEEP2017\Filtered occurrences plants aquatic 16 12 16 copy\august2017\selected_clip\Lessonia nigrescen_MCP_Bz_Clip.shp';'C:\Users\greta.vega\Documents\MIGUEL\SWEEP2017\Filtered occurrences plants aquatic 16 12 16 copy\august2017\selected_clip\Lessonia trabeculata_MCP_Bz_Clip.shp';'C:\Users\greta.vega\Documents\MIGUEL\SWEEP2017\Filtered occurrences plants aquatic 16 12 16 copy\august2017\selected_clip\Lessonia vadosa_MCP_Bz_Clip.shp';'C:\Users\greta.vega\Documents\MIGUEL\SWEEP2017\Filtered occurrences plants aquatic 16 12 16 copy\august2017\selected_clip\Macrocystis pyrifera_MCP_Bz_Clip.shp';'C:\Users\greta.vega\Documents\MIGUEL\SWEEP2017\Filtered occurrences plants aquatic 16 12 16 copy\august2017\selected_clip\Mastocarpus papillatu_MCP_Bz_Clip.shp';'C:\Users\greta.vega\Documents\MIGUEL\SWEEP2017\Filtered occurrences plants aquatic 16 12 16 copy\august2017\selected_clip\Meristotheca gelidium_MCP_Bz_Clip.shp';'C:\Users\greta.vega\Documents\MIGUEL\SWEEP2017\Filtered occurrences plants aquatic 16 12 16 copy\august2017\selected_clip\Neodilsea boreali_MCP_Bz_Clip.shp';'C:\Users\greta.vega\Documents\MIGUEL\SWEEP2017\Filtered occurrences plants aquatic 16 12 16 copy\august2017\selected_clip\Nereocystis luetkeana_MCP_Bz_Clip.shp';'C:\Users\greta.vega\Documents\MIGUEL\SWEEP2017\Filtered occurrences plants aquatic 16 12 16 copy\august2017\selected_clip\Odonthalia floccosa_MCP_Bz_Clip.shp';'C:\Users\greta.vega\Documents\MIGUEL\SWEEP2017\Filtered occurrences plants aquatic 16 12 16 copy\august2017\selected_clip\Petalonia fascia_MCP_Bz_Clip.shp';'C:\Users\greta.vega\Documents\MIGUEL\SWEEP2017\Filtered occurrences plants aquatic 16 12 16 copy\august2017\selected_clip\Phyllospadix scouleri_MCP_Bz_Clip.shp';'C:\Users\greta.vega\Documents\MIGUEL\SWEEP2017\Filtered occurrences plants aquatic 16 12 16 copy\august2017\selected_clip\Pleonosporium borreri_MCP_Bz_Clip.shp';'C:\Users\greta.vega\Documents\MIGUEL\SWEEP2017\Filtered occurrences plants aquatic 16 12 16 copy\august2017\selected_clip\Porphyra umbilicali_MCP_Bz_Clip.shp';'C:\Users\greta.vega\Documents\MIGUEL\SWEEP2017\Filtered occurrences plants aquatic 16 12 16 copy\august2017\selected_clip\Postelsia palmaeformi_MCP_Bz_Clip.shp';'C:\Users\greta.vega\Documents\MIGUEL\SWEEP2017\Filtered occurrences plants aquatic 16 12 16 copy\august2017\selected_clip\Pterothamnion plumula_MCP_Bz_Clip.shp';'C:\Users\greta.vega\Documents\MIGUEL\SWEEP2017\Filtered occurrences plants aquatic 16 12 16 copy\august2017\selected_clip\Pterygophora californica_MCP_Bz_Clip.shp';'C:\Users\greta.vega\Documents\MIGUEL\SWEEP2017\Filtered occurrences plants aquatic 16 12 16 copy\august2017\selected_clip\Rhizoclonium africanum_MCP_Bz_Clip.shp';'C:\Users\greta.vega\Documents\MIGUEL\SWEEP2017\Filtered occurrences plants aquatic 16 12 16 copy\august2017\selected_clip\Rhodophyllis divaricata_MCP_Bz_Clip.shp';'C:\Users\greta.vega\Documents\MIGUEL\SWEEP2017\Filtered occurrences plants aquatic 16 12 16 copy\august2017\selected_clip\Saccharina bongardiana_MCP_Bz_Clip.shp';'C:\Users\greta.vega\Documents\MIGUEL\SWEEP2017\Filtered occurrences plants aquatic 16 12 16 copy\august2017\selected_clip\Saccharina sessili_MCP_Bz_Clip.shp';'C:\Users\greta.vega\Documents\MIGUEL\SWEEP2017\Filtered occurrences plants aquatic 16 12 16 copy\august2017\selected_clip\Schizymenia pacifica_MCP_Bz_Clip.shp';'C:\Users\greta.vega\Documents\MIGUEL\SWEEP2017\Filtered occurrences plants aquatic 16 12 16 copy\august2017\selected_clip\Scytothamnus australi_MCP_Bz_Clip.shp';'C:\Users\greta.vega\Documents\MIGUEL\SWEEP2017\Filtered occurrences plants aquatic 16 12 16 copy\august2017\selected_clip\Scytothamnus fasciculatu_MCP_Bz_Clip.shp';'C:\Users\greta.vega\Documents\MIGUEL\SWEEP2017\Filtered occurrences plants aquatic 16 12 16 copy\august2017\selected_clip\Solieria filiformi_MCP_Bz_Clip.shp';'C:\Users\greta.vega\Documents\MIGUEL\SWEEP2017\Filtered occurrences plants aquatic 16 12 16 copy\august2017\selected_clip\Sparlingia pertusa_MCP_Bz_Clip.shp';'C:\Users\greta.vega\Documents\MIGUEL\SWEEP2017\Filtered occurrences plants aquatic 16 12 16 copy\august2017\selected_clip\Sphaerotrichia divaricata_MCP_Bz_Clip.shp';'C:\Users\greta.vega\Documents\MIGUEL\SWEEP2017\Filtered occurrences plants aquatic 16 12 16 copy\august2017\selected_clip\Sporochnus pedunculatu_MCP_Bz_Clip.shp';'C:\Users\greta.vega\Documents\MIGUEL\SWEEP2017\Filtered occurrences plants aquatic 16 12 16 copy\august2017\selected_clip\Spyridia hypnoide_MCP_Bz_Clip.shp';'C:\Users\greta.vega\Documents\MIGUEL\SWEEP2017\Filtered occurrences plants aquatic 16 12 16 copy\august2017\selected_clip\Stereocladon rugulosu_MCP_Bz_Clip.shp';'C:\Users\greta.vega\Documents\MIGUEL\SWEEP2017\Filtered occurrences plants aquatic 16 12 16 copy\august2017\selected_clip\Striaria attenuata_MCP_Bz_Clip.shp';'C:\Users\greta.vega\Documents\MIGUEL\SWEEP2017\Filtered occurrences plants aquatic 16 12 16 copy\august2017\selected_clip\Tinocladia falklandica_MCP_Bz_Clip.shp';'C:\Users\greta.vega\Documents\MIGUEL\SWEEP2017\Filtered occurrences plants aquatic 16 12 16 copy\august2017\selected_clip\Trachynema groenlandicum_MCP_Bz_Clip.shp';'C:\Users\greta.vega\Documents\MIGUEL\SWEEP2017\Filtered occurrences plants aquatic 16 12 16 copy\august2017\selected_clip\Ulva prolifera_MCP_Bz_Clip.shp';'C:\Users\greta.vega\Documents\MIGUEL\SWEEP2017\Filtered occurrences plants aquatic 16 12 16 copy\august2017\selected_clip\Yuzurua poiteaui_MCP_Bz_Clip.shp' "C:\Users\greta.vega\Documents\MIGUEL\SWEEP2017\Filtered occurrences plants aquatic 16 12 16 copy\august2017\Filtered occurrences plants aquatic_merge.shp" "species "species" true true false 254 Text 0 0 ,First,#,C:\Users\greta.vega\Documents\MIGUEL\SWEEP2017\Filtered occurrences plants aquatic 16 12 16 copy\august2017\selected_clip\Acanthophora spicifera_MCP_Bz_Clip.shp,species,-1,-1,C:\Users\greta.vega\Documents\MIGUEL\SWEEP2017\Filtered occurrences plants aquatic 16 12 16 copy\august2017\selected_clip\Adenocystis utriculari_MCP_Bz_Clip.shp,species,-1,-1,C:\Users\greta.vega\Documents\MIGUEL\SWEEP2017\Filtered occurrences plants aquatic 16 12 16 copy\august2017\selected_clip\Agardhiella subulata_MCP_Bz_Clip.shp,species,-1,-1,C:\Users\greta.vega\Documents\MIGUEL\SWEEP2017\Filtered occurrences plants aquatic 16 12 16 copy\august2017\selected_clip\Ahnfeltia plicata_MCP_Bz_Clip.shp,species,-1,-1,C:\Users\greta.vega\Documents\MIGUEL\SWEEP2017\Filtered occurrences plants aquatic 16 12 16 copy\august2017\selected_clip\Ahnfeltiopsis lineari_MCP_Bz_Clip.shp,species,-1,-1,C:\Users\greta.vega\Documents\MIGUEL\SWEEP2017\Filtered occurrences plants aquatic 16 12 16 copy\august2017\selected_clip\Alaria esculenta_MCP_Bz_Clip.shp,species,-1,-1,C:\Users\greta.vega\Documents\MIGUEL\SWEEP2017\Filtered occurrences plants aquatic 16 12 16 copy\august2017\selected_clip\Alaria marginata_MCP_Bz_Clip.shp,species,-1,-1,C:\Users\greta.vega\Documents\MIGUEL\SWEEP2017\Filtered occurrences plants aquatic 16 12 16 copy\august2017\selected_clip\Analipus japonicu_MCP_Bz_Clip.shp,species,-1,-1,C:\Users\greta.vega\Documents\MIGUEL\SWEEP2017\Filtered occurrences plants aquatic 16 12 16 copy\august2017\selected_clip\Arthrocladia villosa_MCP_Bz_Clip.shp,species,-1,-1,C:\Users\greta.vega\Documents\MIGUEL\SWEEP2017\Filtered occurrences plants aquatic 16 12 16 copy\august2017\selected_clip\Ascoseira mirabili_MCP_Bz_Clip.shp,species,-1,-1,C:\Users\greta.vega\Documents\MIGUEL\SWEEP2017\Filtered occurrences plants aquatic 16 12 16 copy\august2017\selected_clip\Asparagopsis taxiformi_MCP_Bz_Clip.shp,species,-1,-1,C:\Users\greta.vega\Documents\MIGUEL\SWEEP2017\Filtered occurrences plants aquatic 16 12 16 copy\august2017\selected_clip\Blidingia minima_MCP_Bz_Clip.shp,species,-1,-1,C:\Users\greta.vega\Documents\MIGUEL\SWEEP2017\Filtered occurrences plants aquatic 16 12 16 copy\august2017\selected_clip\Bonnemaisonia asparagoide_MCP_Bz_Clip.shp,species,-1,-1,C:\Users\greta.vega\Documents\MIGUEL\SWEEP2017\Filtered occurrences plants aquatic 16 12 16 copy\august2017\selected_clip\Bonnemaisonia hamifera_MCP_Bz_Clip.shp,species,-1,-1,C:\Users\greta.vega\Documents\MIGUEL\SWEEP2017\Filtered occurrences plants aquatic 16 12 16 copy\august2017\selected_clip\Bostrychia arbuscula_MCP_Bz_Clip.shp,species,-1,-1,C:\Users\greta.vega\Documents\MIGUEL\SWEEP2017\Filtered occurrences plants aquatic 16 12 16 copy\august2017\selected_clip\Bostrychia tenella_MCP_Bz_Clip.shp,species,-1,-1,C:\Users\greta.vega\Documents\MIGUEL\SWEEP2017\Filtered occurrences plants aquatic 16 12 16 copy\august2017\selected_clip\Callithamnion tetragonum_MCP_Bz_Clip.shp,species,-1,-1,C:\Users\greta.vega\Documents\MIGUEL\SWEEP2017\Filtered occurrences plants aquatic 16 12 16 copy\august2017\selected_clip\Callophyllis laciniata_MCP_Bz_Clip.shp,species,-1,-1,C:\Users\greta.vega\Documents\MIGUEL\SWEEP2017\Filtered occurrences plants aquatic 16 12 16 copy\august2017\selected_clip\Ceramium niten_MCP_Bz_Clip.shp,species,-1,-1,C:\Users\greta.vega\Documents\MIGUEL\SWEEP2017\Filtered occurrences plants aquatic 16 12 16 copy\august2017\selected_clip\Chaetomorpha melagonium_MCP_Bz_Clip.shp,species,-1,-1,C:\Users\greta.vega\Documents\MIGUEL\SWEEP2017\Filtered occurrences plants aquatic 16 12 16 copy\august2017\selected_clip\Chondrus crispu_MCP_Bz_Clip.shp,species,-1,-1,C:\Users\greta.vega\Documents\MIGUEL\SWEEP2017\Filtered occurrences plants aquatic 16 12 16 copy\august2017\selected_clip\Chordaria flagelliformi_MCP_Bz_Clip.shp,species,-1,-1,C:\Users\greta.vega\Documents\MIGUEL\SWEEP2017\Filtered occurrences plants aquatic 16 12 16 copy\august2017\selected_clip\Chordaria lineari_MCP_Bz_Clip.shp,species,-1,-1,C:\Users\greta.vega\Documents\MIGUEL\SWEEP2017\Filtered occurrences plants aquatic 16 12 16 copy\august2017\selected_clip\Chrysymenia enteromorpha_MCP_Bz_Clip.shp,species,-1,-1,C:\Users\greta.vega\Documents\MIGUEL\SWEEP2017\Filtered occurrences plants aquatic 16 12 16 copy\august2017\selected_clip\Cladophoropsis membranacea_MCP_Bz_Clip.shp,species,-1,-1,C:\Users\greta.vega\Documents\MIGUEL\SWEEP2017\Filtered occurrences plants aquatic 16 12 16 copy\august2017\selected_clip\Cladostephus spongiosu_MCP_Bz_Clip.shp,species,-1,-1,C:\Users\greta.vega\Documents\MIGUEL\SWEEP2017\Filtered occurrences plants aquatic 16 12 16 copy\august2017\selected_clip\Constantinea subulifera_MCP_Bz_Clip.shp,species,-1,-1,C:\Users\greta.vega\Documents\MIGUEL\SWEEP2017\Filtered occurrences plants aquatic 16 12 16 copy\august2017\selected_clip\Costaria costata_MCP_Bz_Clip.shp,species,-1,-1,C:\Users\greta.vega\Documents\MIGUEL\SWEEP2017\Filtered occurrences plants aquatic 16 12 16 copy\august2017\selected_clip\Cymathaere triplicata_MCP_Bz_Clip.shp,species,-1,-1,C:\Users\greta.vega\Documents\MIGUEL\SWEEP2017\Filtered occurrences plants aquatic 16 12 16 copy\august2017\selected_clip\Cystophora torulosa_MCP_Bz_Clip.shp,species,-1,-1,C:\Users\greta.vega\Documents\MIGUEL\SWEEP2017\Filtered occurrences plants aquatic 16 12 16 copy\august2017\selected_clip\Dasya baillouviana_MCP_Bz_Clip.shp,species,-1,-1,C:\Users\greta.vega\Documents\MIGUEL\SWEEP2017\Filtered occurrences plants aquatic 16 12 16 copy\august2017\selected_clip\Delesseria sanguinea_MCP_Bz_Clip.shp,species,-1,-1,C:\Users\greta.vega\Documents\MIGUEL\SWEEP2017\Filtered occurrences plants aquatic 16 12 16 copy\august2017\selected_clip\Desmarestia aculeata_MCP_Bz_Clip.shp,species,-1,-1,C:\Users\greta.vega\Documents\MIGUEL\SWEEP2017\Filtered occurrences plants aquatic 16 12 16 copy\august2017\selected_clip\Desmarestia gayana_MCP_Bz_Clip.shp,species,-1,-1,C:\Users\greta.vega\Documents\MIGUEL\SWEEP2017\Filtered occurrences plants aquatic 16 12 16 copy\august2017\selected_clip\Desmarestia ligulata_MCP_Bz_Clip.shp,species,-1,-1,C:\Users\greta.vega\Documents\MIGUEL\SWEEP2017\Filtered occurrences plants aquatic 16 12 16 copy\august2017\selected_clip\Dictyopteris ligulata_MCP_Bz_Clip.shp,species,-1,-1,C:\Users\greta.vega\Documents\MIGUEL\SWEEP2017\Filtered occurrences plants aquatic 16 12 16 copy\august2017\selected_clip\Dictyosiphon hirsutu_MCP_Bz_Clip.shp,species,-1,-1,C:\Users\greta.vega\Documents\MIGUEL\SWEEP2017\Filtered occurrences plants aquatic 16 12 16 copy\august2017\selected_clip\Dictyota dichotoma_MCP_Bz_Clip.shp,species,-1,-1,C:\Users\greta.vega\Documents\MIGUEL\SWEEP2017\Filtered occurrences plants aquatic 16 12 16 copy\august2017\selected_clip\Dilsea carnosa_MCP_Bz_Clip.shp,species,-1,-1,C:\Users\greta.vega\Documents\MIGUEL\SWEEP2017\Filtered occurrences plants aquatic 16 12 16 copy\august2017\selected_clip\Dumontia contorta_MCP_Bz_Clip.shp,species,-1,-1,C:\Users\greta.vega\Documents\MIGUEL\SWEEP2017\Filtered occurrences plants aquatic 16 12 16 copy\august2017\selected_clip\Egregia menziesii_MCP_Bz_Clip.shp,species,-1,-1,C:\Users\greta.vega\Documents\MIGUEL\SWEEP2017\Filtered occurrences plants aquatic 16 12 16 copy\august2017\selected_clip\Eudesme virescen_MCP_Bz_Clip.shp,species,-1,-1,C:\Users\greta.vega\Documents\MIGUEL\SWEEP2017\Filtered occurrences plants aquatic 16 12 16 copy\august2017\selected_clip\Fucus gardneri_MCP_Bz_Clip.shp,species,-1,-1,C:\Users\greta.vega\Documents\MIGUEL\SWEEP2017\Filtered occurrences plants aquatic 16 12 16 copy\august2017\selected_clip\Fucus spirali_MCP_Bz_Clip.shp,species,-1,-1,C:\Users\greta.vega\Documents\MIGUEL\SWEEP2017\Filtered occurrences plants aquatic 16 12 16 copy\august2017\selected_clip\Fucus vesiculosu_MCP_Bz_Clip.shp,species,-1,-1,C:\Users\greta.vega\Documents\MIGUEL\SWEEP2017\Filtered occurrences plants aquatic 16 12 16 copy\august2017\selected_clip\Gracilaria coronopifolia_MCP_Bz_Clip.shp,species,-1,-1,C:\Users\greta.vega\Documents\MIGUEL\SWEEP2017\Filtered occurrences plants aquatic 16 12 16 copy\august2017\selected_clip\Gracilaria mammillari_MCP_Bz_Clip.shp,species,-1,-1,C:\Users\greta.vega\Documents\MIGUEL\SWEEP2017\Filtered occurrences plants aquatic 16 12 16 copy\august2017\selected_clip\Gracilaria tikvahiae_MCP_Bz_Clip.shp,species,-1,-1,C:\Users\greta.vega\Documents\MIGUEL\SWEEP2017\Filtered occurrences plants aquatic 16 12 16 copy\august2017\selected_clip\Gracilariopsis longissima_MCP_Bz_Clip.shp,species,-1,-1,C:\Users\greta.vega\Documents\MIGUEL\SWEEP2017\Filtered occurrences plants aquatic 16 12 16 copy\august2017\selected_clip\Grinnellia americana_MCP_Bz_Clip.shp,species,-1,-1,C:\Users\greta.vega\Documents\MIGUEL\SWEEP2017\Filtered occurrences plants aquatic 16 12 16 copy\august2017\selected_clip\Halopteris filicina_MCP_Bz_Clip.shp,species,-1,-1,C:\Users\greta.vega\Documents\MIGUEL\SWEEP2017\Filtered occurrences plants aquatic 16 12 16 copy\august2017\selected_clip\Halurus equisetifolius_MCP_Bz_Clip.shp,species,-1,-1,C:\Users\greta.vega\Documents\MIGUEL\SWEEP2017\Filtered occurrences plants aquatic 16 12 16 copy\august2017\selected_clip\Halymenia floresii_MCP_Bz_Clip.shp,species,-1,-1,C:\Users\greta.vega\Documents\MIGUEL\SWEEP2017\Filtered occurrences plants aquatic 16 12 16 copy\august2017\selected_clip\Halymenia latifolia_MCP_Bz_Clip.shp,species,-1,-1,C:\Users\greta.vega\Documents\MIGUEL\SWEEP2017\Filtered occurrences plants aquatic 16 12 16 copy\august2017\selected_clip\Haplogloia andersonii_MCP_Bz_Clip.shp,species,-1,-1,C:\Users\greta.vega\Documents\MIGUEL\SWEEP2017\Filtered occurrences plants aquatic 16 12 16 copy\august2017\selected_clip\Heterosiphonia gibbesii_MCP_Bz_Clip.shp,species,-1,-1,C:\Users\greta.vega\Documents\MIGUEL\SWEEP2017\Filtered occurrences plants aquatic 16 12 16 copy\august2017\selected_clip\Hormosira banksii_MCP_Bz_Clip.shp,species,-1,-1,C:\Users\greta.vega\Documents\MIGUEL\SWEEP2017\Filtered occurrences plants aquatic 16 12 16 copy\august2017\selected_clip\Hypnea musciformi_MCP_Bz_Clip.shp,species,-1,-1,C:\Users\greta.vega\Documents\MIGUEL\SWEEP2017\Filtered occurrences plants aquatic 16 12 16 copy\august2017\selected_clip\Hypnea spinella_MCP_Bz_Clip.shp,species,-1,-1,C:\Users\greta.vega\Documents\MIGUEL\SWEEP2017\Filtered occurrences plants aquatic 16 12 16 copy\august2017\selected_clip\Hypoglossum hypoglossoide_MCP_Bz_Clip.shp,species,-1,-1,C:\Users\greta.vega\Documents\MIGUEL\SWEEP2017\Filtered occurrences plants aquatic 16 12 16 copy\august2017\selected_clip\Iridaea cordata_MCP_Bz_Clip.shp,species,-1,-1,C:\Users\greta.vega\Documents\MIGUEL\SWEEP2017\Filtered occurrences plants aquatic 16 12 16 copy\august2017\selected_clip\Kallymenia reniformi_MCP_Bz_Clip.shp,species,-1,-1,C:\Users\greta.vega\Documents\MIGUEL\SWEEP2017\Filtered occurrences plants aquatic 16 12 16 copy\august2017\selected_clip\Laminaria abyssali_MCP_Bz_Clip.shp,species,-1,-1,C:\Users\greta.vega\Documents\MIGUEL\SWEEP2017\Filtered occurrences plants aquatic 16 12 16 copy\august2017\selected_clip\Laminaria digitata_MCP_Bz_Clip.shp,species,-1,-1,C:\Users\greta.vega\Documents\MIGUEL\SWEEP2017\Filtered occurrences plants aquatic 16 12 16 copy\august2017\selected_clip\Laminaria hyperborea_MCP_Bz_Clip.shp,species,-1,-1,C:\Users\greta.vega\Documents\MIGUEL\SWEEP2017\Filtered occurrences plants aquatic 16 12 16 copy\august2017\selected_clip\Laminaria pallida_MCP_Bz_Clip.shp,species,-1,-1,C:\Users\greta.vega\Documents\MIGUEL\SWEEP2017\Filtered occurrences plants aquatic 16 12 16 copy\august2017\selected_clip\Laminaria saccharina_MCP_Bz_Clip.shp,species,-1,-1,C:\Users\greta.vega\Documents\MIGUEL\SWEEP2017\Filtered occurrences plants aquatic 16 12 16 copy\august2017\selected_clip\Laminaria setchellii_MCP_Bz_Clip.shp,species,-1,-1,C:\Users\greta.vega\Documents\MIGUEL\SWEEP2017\Filtered occurrences plants aquatic 16 12 16 copy\august2017\selected_clip\Laminaria sinclairii_MCP_Bz_Clip.shp,species,-1,-1,C:\Users\greta.vega\Documents\MIGUEL\SWEEP2017\Filtered occurrences plants aquatic 16 12 16 copy\august2017\selected_clip\Laurencia obtusa_MCP_Bz_Clip.shp,species,-1,-1,C:\Users\greta.vega\Documents\MIGUEL\SWEEP2017\Filtered occurrences plants aquatic 16 12 16 copy\august2017\selected_clip\Lessonia nigrescen_MCP_Bz_Clip.shp,species,-1,-1,C:\Users\greta.vega\Documents\MIGUEL\SWEEP2017\Filtered occurrences plants aquatic 16 12 16 copy\august2017\selected_clip\Lessonia trabeculata_MCP_Bz_Clip.shp,species,-1,-1,C:\Users\greta.vega\Documents\MIGUEL\SWEEP2017\Filtered occurrences plants aquatic 16 12 16 copy\august2017\selected_clip\Lessonia vadosa_MCP_Bz_Clip.shp,species,-1,-1,C:\Users\greta.vega\Documents\MIGUEL\SWEEP2017\Filtered occurrences plants aquatic 16 12 16 copy\august2017\selected_clip\Macrocystis pyrifera_MCP_Bz_Clip.shp,species,-1,-1,C:\Users\greta.vega\Documents\MIGUEL\SWEEP2017\Filtered occurrences plants aquatic 16 12 16 copy\august2017\selected_clip\Mastocarpus papillatu_MCP_Bz_Clip.shp,species,-1,-1,C:\Users\greta.vega\Documents\MIGUEL\SWEEP2017\Filtered occurrences plants aquatic 16 12 16 copy\august2017\selected_clip\Meristotheca gelidium_MCP_Bz_Clip.shp,species,-1,-1,C:\Users\greta.vega\Documents\MIGUEL\SWEEP2017\Filtered occurrences plants aquatic 16 12 16 copy\august2017\selected_clip\Neodilsea boreali_MCP_Bz_Clip.shp,species,-1,-1,C:\Users\greta.vega\Documents\MIGUEL\SWEEP2017\Filtered occurrences plants aquatic 16 12 16 copy\august2017\selected_clip\Nereocystis luetkeana_MCP_Bz_Clip.shp,species,-1,-1,C:\Users\greta.vega\Documents\MIGUEL\SWEEP2017\Filtered occurrences plants aquatic 16 12 16 copy\august2017\selected_clip\Odonthalia floccosa_MCP_Bz_Clip.shp,species,-1,-1,C:\Users\greta.vega\Documents\MIGUEL\SWEEP2017\Filtered occurrences plants aquatic 16 12 16 copy\august2017\selected_clip\Petalonia fascia_MCP_Bz_Clip.shp,species,-1,-1,C:\Users\greta.vega\Documents\MIGUEL\SWEEP2017\Filtered occurrences plants aquatic 16 12 16 copy\august2017\selected_clip\Phyllospadix scouleri_MCP_Bz_Clip.shp,species,-1,-1,C:\Users\greta.vega\Documents\MIGUEL\SWEEP2017\Filtered occurrences plants aquatic 16 12 16 copy\august2017\selected_clip\Pleonosporium borreri_MCP_Bz_Clip.shp,species,-1,-1,C:\Users\greta.vega\Documents\MIGUEL\SWEEP2017\Filtered occurrences plants aquatic 16 12 16 copy\august2017\selected_clip\Porphyra umbilicali_MCP_Bz_Clip.shp,species,-1,-1,C:\Users\greta.vega\Documents\MIGUEL\SWEEP2017\Filtered occurrences plants aquatic 16 12 16 copy\august2017\selected_clip\Postelsia palmaeformi_MCP_Bz_Clip.shp,species,-1,-1,C:\Users\greta.vega\Documents\MIGUEL\SWEEP2017\Filtered occurrences plants aquatic 16 12 16 copy\august2017\selected_clip\Pterothamnion plumula_MCP_Bz_Clip.shp,species,-1,-1,C:\Users\greta.vega\Documents\MIGUEL\SWEEP2017\Filtered occurrences plants aquatic 16 12 16 copy\august2017\selected_clip\Pterygophora californica_MCP_Bz_Clip.shp,species,-1,-1,C:\Users\greta.vega\Documents\MIGUEL\SWEEP2017\Filtered occurrences plants aquatic 16 12 16 copy\august2017\selected_clip\Rhizoclonium africanum_MCP_Bz_Clip.shp,species,-1,-1,C:\Users\greta.vega\Documents\MIGUEL\SWEEP2017\Filtered occurrences plants aquatic 16 12 16 copy\august2017\selected_clip\Rhodophyllis divaricata_MCP_Bz_Clip.shp,species,-1,-1,C:\Users\greta.vega\Documents\MIGUEL\SWEEP2017\Filtered occurrences plants aquatic 16 12 16 copy\august2017\selected_clip\Saccharina bongardiana_MCP_Bz_Clip.shp,species,-1,-1,C:\Users\greta.vega\Documents\MIGUEL\SWEEP2017\Filtered occurrences plants aquatic 16 12 16 copy\august2017\selected_clip\Saccharina sessili_MCP_Bz_Clip.shp,species,-1,-1,C:\Users\greta.vega\Documents\MIGUEL\SWEEP2017\Filtered occurrences plants aquatic 16 12 16 copy\august2017\selected_clip\Schizymenia pacifica_MCP_Bz_Clip.shp,species,-1,-1,C:\Users\greta.vega\Documents\MIGUEL\SWEEP2017\Filtered occurrences plants aquatic 16 12 16 copy\august2017\selected_clip\Scytothamnus australi_MCP_Bz_Clip.shp,species,-1,-1,C:\Users\greta.vega\Documents\MIGUEL\SWEEP2017\Filtered occurrences plants aquatic 16 12 16 copy\august2017\selected_clip\Scytothamnus fasciculatu_MCP_Bz_Clip.shp,species,-1,-1,C:\Users\greta.vega\Documents\MIGUEL\SWEEP2017\Filtered occurrences plants aquatic 16 12 16 copy\august2017\selected_clip\Solieria filiformi_MCP_Bz_Clip.shp,species,-1,-1,C:\Users\greta.vega\Documents\MIGUEL\SWEEP2017\Filtered occurrences plants aquatic 16 12 16 copy\august2017\selected_clip\Sparlingia pertusa_MCP_Bz_Clip.shp,species,-1,-1,C:\Users\greta.vega\Documents\MIGUEL\SWEEP2017\Filtered occurrences plants aquatic 16 12 16 copy\august2017\selected_clip\Sphaerotrichia divaricata_MCP_Bz_Clip.shp,species,-1,-1,C:\Users\greta.vega\Documents\MIGUEL\SWEEP2017\Filtered occurrences plants aquatic 16 12 16 copy\august2017\selected_clip\Sporochnus pedunculatu_MCP_Bz_Clip.shp,species,-1,-1,C:\Users\greta.vega\Documents\MIGUEL\SWEEP2017\Filtered occurrences plants aquatic 16 12 16 copy\august2017\selected_clip\Spyridia hypnoide_MCP_Bz_Clip.shp,species,-1,-1,C:\Users\greta.vega\Documents\MIGUEL\SWEEP2017\Filtered occurrences plants aquatic 16 12 16 copy\august2017\selected_clip\Stereocladon rugulosu_MCP_Bz_Clip.shp,species,-1,-1,C:\Users\greta.vega\Documents\MIGUEL\SWEEP2017\Filtered occurrences plants aquatic 16 12 16 copy\august2017\selected_clip\Striaria attenuata_MCP_Bz_Clip.shp,species,-1,-1,C:\Users\greta.vega\Documents\MIGUEL\SWEEP2017\Filtered occurrences plants aquatic 16 12 16 copy\august2017\selected_clip\Tinocladia falklandica_MCP_Bz_Clip.shp,species,-1,-1,C:\Users\greta.vega\Documents\MIGUEL\SWEEP2017\Filtered occurrences plants aquatic 16 12 16 copy\august2017\selected_clip\Trachynema groenlandicum_MCP_Bz_Clip.shp,species,-1,-1,C:\Users\greta.vega\Documents\MIGUEL\SWEEP2017\Filtered occurrences plants aquatic 16 12 16 copy\august2017\selected_clip\Ulva prolifera_MCP_Bz_Clip.shp,species,-1,-1,C:\Users\greta.vega\Documents\MIGUEL\SWEEP2017\Filtered occurrences plants aquatic 16 12 16 copy\august2017\selected_clip\Yuzurua poiteaui_MCP_Bz_Clip.shp,species,-1,-1"</Process><Process ToolSource="c:\program files (x86)\arcgis\desktop10.2\ArcToolbox\Toolboxes\Data Management Tools.tbx\Merge" Date="20170802" Time="152533">Merge 'C:\Users\greta.vega\Documents\MIGUEL\SWEEP2017\Filtered occurrences plants aquatic 16 12 16 copy\august2017\Filtered occurrences plants aquatic_merge.shp';'C:\Users\greta.vega\Documents\MIGUEL\SWEEP2017\Filtered occurrences plants aquatic 16 12 16 copy\august2017\selected_clip\Centroceras clavulatum_MCP_Bz_Clip.shp' "C:\Users\greta.vega\Documents\MIGUEL\SWEEP2017\Filtered occurrences plants aquatic 16 12 16 copy\august2017\Filtered occurrences plants aquatic_020817.shp" "species "species" true true false 254 Text 0 0 ,First,#,C:\Users\greta.vega\Documents\MIGUEL\SWEEP2017\Filtered occurrences plants aquatic 16 12 16 copy\august2017\Filtered occurrences plants aquatic_merge.shp,species,-1,-1,C:\Users\greta.vega\Documents\MIGUEL\SWEEP2017\Filtered occurrences plants aquatic 16 12 16 copy\august2017\selected_clip\Centroceras clavulatum_MCP_Bz_Clip.shp,species,-1,-1"</Process><Process Name="Copy Features" ToolSource="c:\program files (x86)\arcgis\desktop10.2\ArcToolbox\Toolboxes\Data Management Tools.tbx\CopyFeatures" Date="20170810" Time="122426">CopyFeatures "I_Filtered occurrences plants aquatic_020817_species" "C:\Users\greta.vega\Documents\MIGUEL\trialPlantsAquatic_10082017\Callithamnion tetragonum.shp" # 0 0 0</Process></lineage><itemProps><itemName Sync="TRUE">Callithamnion tetragonum</itemName><imsContentType Sync="TRUE">002</imsContentType><itemSize Sync="TRUE">0.000</itemSize><itemLocation><linkage Sync="TRUE">file://\\MO-DEP2-D217-04\C$\Users\greta.vega\Documents\MIGUEL\trialPlantsAquatic_10082017\Callithamnion tetragonum.shp</linkage><protocol Sync="TRUE">Local Area Network</protocol></itemLocation></itemProps><coordRef><type Sync="TRUE">Geographic</type><geogcsn Sync="TRUE">GCS_WGS_1984</geogcsn><csUnits Sync="TRUE">Angular Unit: Degree (0.017453)</csUnits><peXml Sync="TRUE">&lt;GeographicCoordinateSystem xsi:type='typens:GeographicCoordinateSystem' xmlns:xsi='http://www.w3.org/2001/XMLSchema-instance' xmlns:xs='http://www.w3.org/2001/XMLSchema' xmlns:typens='http://www.esri.com/schemas/ArcGIS/10.1'&gt;&lt;WKT&gt;GEOGCS[&amp;quot;GCS_WGS_1984&amp;quot;,DATUM[&amp;quot;D_WGS_1984&amp;quot;,SPHEROID[&amp;quot;WGS_1984&amp;quot;,6378137.0,298.257223563]],PRIMEM[&amp;quot;Greenwich&amp;quot;,0.0],UNIT[&amp;quot;Degree&amp;quot;,0.0174532925199433],AUTHORITY[&amp;quot;EPSG&amp;quot;,4326]]&lt;/WKT&gt;&lt;XOrigin&gt;-400&lt;/XOrigin&gt;&lt;YOrigin&gt;-400&lt;/YOrigin&gt;&lt;XYScale&gt;11258999068426.238&lt;/XYScale&gt;&lt;ZOrigin&gt;-100000&lt;/ZOrigin&gt;&lt;ZScale&gt;10000&lt;/ZScale&gt;&lt;MOrigin&gt;-100000&lt;/MOrigin&gt;&lt;MScale&gt;10000&lt;/MScale&gt;&lt;XYTolerance&gt;8.983152841195215e-009&lt;/XYTolerance&gt;&lt;ZTolerance&gt;0.001&lt;/ZTolerance&gt;&lt;MTolerance&gt;0.001&lt;/MTolerance&gt;&lt;HighPrecision&gt;true&lt;/HighPrecision&gt;&lt;LeftLongitude&gt;-180&lt;/LeftLongitude&gt;&lt;WKID&gt;4326&lt;/WKID&gt;&lt;LatestWKID&gt;4326&lt;/LatestWKID&gt;&lt;/GeographicCoordinateSystem&gt;</peXml></coordRef><copyHistory><copy source="C:\Users\greta.vega\Documents\MIGUEL\SWEEP2017\Filtered occurrences plants aquatic 16 12 16 copy\august2017\Filtered occurrences plants aquatic_020817" dest="\\MO-DEP2-D217-04\C$\Users\greta.vega\Documents\MIGUEL\SWEEP2017\to send 020817\Filtered occurrences plants aquatic_020817" date="20170802" time="19034800"></copy></copyHistory></DataProperties><SyncDate>20170810</SyncDate><SyncTime>12242600</SyncTime><ModDate>20170810</ModDate><ModTime>12242600</ModTime></Esri><dataIdInfo><envirDesc Sync="TRUE">Microsoft Windows 7 Version 6.1 (Build 7601) Service Pack 1; Esri ArcGIS 10.2.2.3552</envirDesc><dataLang><languageCode value="spa" Sync="TRUE"></languageCode><countryCode value="ESP" Sync="TRUE"></countryCode></dataLang><idCitation><resTitle Sync="TRUE">Callithamnion tetragonum</resTitle><presForm><PresFormCd value="005" Sync="TRUE"></PresFormCd></presForm></idCitation><spatRpType><SpatRepTypCd value="001" Sync="TRUE"></SpatRepTypCd></spatRpType></dataIdInfo><mdLang><languageCode value="spa" Sync="TRUE"></languageCode><countryCode value="ESP" Sync="TRUE"></countryCode></mdLang><mdChar><CharSetCd value="004" Sync="TRUE"></CharSetCd></mdChar><distInfo><distFormat><formatName Sync="TRUE">Shapefile</formatName></distFormat><distTranOps><transSize Sync="TRUE">0.000</transSize></distTranOps></distInfo><mdHrLv><ScopeCd value="005" Sync="TRUE"></ScopeCd></mdHrLv><mdHrLvName Sync="TRUE">dataset</mdHrLvName><refSysInfo><RefSystem><refSysID><identCode code="4326" Sync="TRUE"></identCode><idCodeSpace Sync="TRUE">EPSG</idCodeSpace><idVersion Sync="TRUE">8.2.6</idVersion></refSysID></RefSystem></refSysInfo><spatRepInfo><VectSpatRep><geometObjs Name="Callithamnion tetragonum"><geoObjTyp><GeoObjTypCd value="002" Sync="TRUE"></GeoObjTypCd></geoObjTyp><geoObjCnt Sync="TRUE">0</geoObjCnt></geometObjs><topLvl><TopoLevCd value="001" Sync="TRUE"></TopoLevCd></topLvl></VectSpatRep></spatRepInfo><spdoinfo><ptvctinf><esriterm Name="Callithamnion tetragonum"><efeatyp Sync="TRUE">Simple</efeatyp><efeageom code="4" Sync="TRUE"></efeageom><esritopo Sync="TRUE">FALSE</esritopo><efeacnt Sync="TRUE">0</efeacnt><spindex Sync="TRUE">FALSE</spindex><linrefer Sync="TRUE">FALSE</linrefer></esriterm></ptvctinf></spdoinfo><eainfo><detailed Name="Callithamnion tetragonum"><enttyp><enttypl Sync="TRUE">Callithamnion tetragonum</enttypl><enttypt Sync="TRUE">Feature Class</enttypt><enttypc Sync="TRUE">0</enttypc></enttyp><attr><attrlabl Sync="TRUE">FID</attrlabl><attalias Sync="TRUE">FID</attalias><attrtype Sync="TRUE">OID</attrtype><attwidth Sync="TRUE">4</attwidth><atprecis Sync="TRUE">0</atprecis><attscale Sync="TRUE">0</attscale><attrdef Sync="TRUE">Internal feature number.</attrdef><attrdefs Sync="TRUE">Esri</attrdefs><attrdomv><udom Sync="TRUE">Sequential unique whole numbers that are automatically generated.</udom></attrdomv></attr><attr><attrlabl Sync="TRUE">Shape</attrlabl><attalias Sync="TRUE">Shape</attalias><attrtype Sync="TRUE">Geometry</attrtype><attwidth Sync="TRUE">0</attwidth><atprecis Sync="TRUE">0</atprecis><attscale Sync="TRUE">0</attscale><attrdef Sync="TRUE">Feature geometry.</attrdef><attrdefs Sync="TRUE">Esri</attrdefs><attrdomv><udom Sync="TRUE">Coordinates defining the features.</udom></attrdomv></attr><attr><attrlabl Sync="TRUE">species</attrlabl><attalias Sync="TRUE">species</attalias><attrtype Sync="TRUE">String</attrtype><attwidth Sync="TRUE">254</attwidth><atprecis Sync="TRUE">0</atprecis><attscale Sync="TRUE">0</attscale></attr></detailed></eainfo><mdDateSt Sync="TRUE">20170810</mdDateSt></metadata>
